label,group
WP_009263843_Firmicutes_Clostridia_Clostridiales_Lachnospiraceae_Coprococcus_PFAM,0
WP_036846860_Bacteroidetes_Bacteroidia_Bacteroidales_Porphyromonadaceae_Porphyromonas_PFAM,0
WP_007221132_Planctomycetes_Candidatus_Brocadiae_PVC_group_NA_Jettenia_PFAM,0
WP_067192957_Firmicutes_Bacilli_Lactobacillales_Streptococcaceae_Streptococcus_PFAM,0
WP_013757571_Spirochaetes_Spirochaetia_Spirochaetales_Spirochaetaceae_Treponema_PFAM,0
WP_013317436_Proteobacteria_Gammaproteobacteria_Enterobacterales_Pectobacteriaceae_Dickeya_PFAM,0
WP_004346456_Bacteroidetes_Bacteroidia_Bacteroidales_Prevotellaceae_Prevotella_PFAM,0
WP_066630481_Firmicutes_Clostridiaceae_Clostridiales_Clostridiaceae_Clostridium_PFAM,0
WP_004053823_Firmicutes_Clostridia_Clostridiales_Eubacteriaceae_Eubacterium_PFAM,0
WP_013702110_Spirochaetes_Spirochaetia_Spirochaetales_Spirochaetaceae_Treponema_PFAM,0
WP_037384771_Proteobacteria_Gammaproteobacteria_Enterobacterales_Yersiniaceae_Serratia_PFAM,0
WP_014016010_Firmicutes_Negativicutes_Veillonellales_Veillonellaceae_Megasphaera_PFAM,0
WP_072967548_Firmicutes_Clostridia_Clostridiales_Clostridiaceae_Caminicella_PFAM,0
KQC03482_Unknown_Unknown_Unknown_Unknown_Methanoculleus_BLAST,0
WP_015279527_Proteobacteria_Gammaproteobacteria_Chromatiales_Chromatiaceae_Thioflavicoccus_PFAM,0
WP_003972231_Actinobacteria_Actinobacteria_Streptomycetales_Streptomycetaceae_Streptomyces_HpnH,0
CDN64460_Proteobacteria_Betaproteobacteria_Burkholderiales_Burkholderiaceae_Burkholderia_HpnH_J2315,0
WP_011159273_Proteobacteria_Alphaproteobacteria_Rhizobiales_Bradyrhizobiaceae_Rhodopseudomonas_HpnH_TIE_1,0
PIR08446_Unknown_Unknown_Unknown_Unknown_Candidatus_BLAST,6
RLE39368_Unknown_Unknown_Unknown_Unknown_Candidatus_BLAST,6
KUK84259_Unknown_Unknown_Unknown_Unknown_Microgenomates_BLAST,6
OGY26443_Unknown_Unknown_Unknown_Unknown_Candidatus_BLAST,6
WP_072301032_Firmicutes_Clostridia_Clostridiales_Ruminococcaceae_Ruminococcus_PFAM,6
WP_012798918_Actinobacteria_Coriobacteriia_Eggerthellales_Eggerthellaceae_Slackia_PFAM,6
SCW48993_Unknown_Unknown_Unknown_Unknown_Ruminococcaceae_BLAST,6
SMC72247_Unknown_Unknown_Unknown_Unknown_Ruminococcaceae_BLAST,6
WP_035633578_Firmicutes_Clostridia_Lachnospiraceae_NA_Lachnospiraceae_PFAM,6
WP_013282565_Firmicutes_Clostridia_Clostridiales_Lachnospiraceae_Butyrivibrio_PFAM,6
WP_071175149_Firmicutes_Clostridia_Clostridiales_Lachnospiraceae_Butyrivibrio_PFAM,6
OPY26167_Unknown_Unknown_Unknown_Unknown_Methanocella_BLAST,6
TET34152_Unknown_Unknown_Unknown_Unknown_Planctomycetes_BLAST,6
PKN47973_Unknown_Unknown_Unknown_Unknown_Deltaproteobacteria_BLAST,6
WP_027472010_Bacteroidetes_Bacteroidia_Marinilabiliales_Marinilabiliaceae_Saccharicrinis_PFAM,6
WP_076931655_Bacteroidetes_Bacteroidia_Bacteroidales_Dysgonamonadaceae_Proteiniphilum_PFAM,6
OIP52830_Unknown_Unknown_Unknown_Unknown_Fibrobacteres_BLAST,6
WP_073229934_Fibrobacteres_Fibrobacteria_Fibrobacterales_Fibrobacteraceae_Fibrobacter_PFAM,6
WP_088665569_Fibrobacteres_Fibrobacteria_Fibrobacterales_Fibrobacteraceae_Fibrobacter_BLAST,6
WP_109734237_Unknown_Unknown_Unknown_Unknown_unclassified_BLAST,6
WP_173305866_Fibrobacteres_Fibrobacteria_Fibrobacterales_Fibrobacteraceae_Fibrobacter_BLAST,6
WP_173845965_Fibrobacteres_Fibrobacteria_Fibrobacterales_Fibrobacteraceae_Fibrobacter_BLAST,6
AIF26181_Unknown_Unknown_Unknown_Unknown_uncultured_BLAST,6
WP_163415546_Fibrobacteres_Fibrobacteria_Fibrobacterales_Fibrobacteraceae_Fibrobacter_BLAST,6
WP_088657530_Fibrobacteres_Fibrobacteria_Fibrobacterales_Fibrobacteraceae_Fibrobacter_BLAST,6
WP_073320069_Fibrobacteres_Fibrobacteria_Fibrobacterales_Fibrobacteraceae_Fibrobacter_BLAST,6
WP_173381534_Fibrobacteres_Fibrobacteria_Fibrobacterales_Fibrobacteraceae_Fibrobacter_BLAST,6
WP_073187103_Fibrobacteres_Fibrobacteria_Fibrobacterales_Fibrobacteraceae_Fibrobacter_BLAST,6
WP_173366740_Fibrobacteres_Fibrobacteria_Fibrobacterales_Fibrobacteraceae_Fibrobacter_BLAST,6
WP_097035414_Fibrobacteres_Fibrobacteria_Fibrobacterales_Fibrobacteraceae_Fibrobacter_BLAST,6
WP_073053649_Unknown_Unknown_Unknown_Unknown_unclassified_BLAST,6
WP_072978270_Fibrobacteres_Fibrobacteria_Fibrobacterales_Fibrobacteraceae_Fibrobacter_BLAST,6
WP_163442238_Fibrobacteres_Fibrobacteria_Fibrobacterales_Fibrobacteraceae_Fibrobacter_BLAST,6
WP_173318479_Fibrobacteres_Fibrobacteria_Fibrobacterales_Fibrobacteraceae_Fibrobacter_BLAST,6
WP_173340082_Fibrobacteres_Fibrobacteria_Fibrobacterales_Fibrobacteraceae_Fibrobacter_BLAST,6
WP_173348222_Fibrobacteres_Fibrobacteria_Fibrobacterales_Fibrobacteraceae_Fibrobacter_BLAST,6
WP_072812027_Fibrobacteres_Fibrobacteria_Fibrobacterales_Fibrobacteraceae_Fibrobacter_BLAST,6
WP_073113826_Fibrobacteres_Fibrobacteria_Fibrobacterales_Fibrobacteraceae_Fibrobacter_BLAST,6
WP_173340903_Fibrobacteres_Fibrobacteria_Fibrobacterales_Fibrobacteraceae_Fibrobacter_BLAST,6
WP_088636708_Fibrobacteres_Fibrobacteria_Fibrobacterales_Fibrobacteraceae_Fibrobacter_BLAST,6
WP_173469656_Fibrobacteres_Fibrobacteria_Fibrobacterales_Fibrobacteraceae_Fibrobacter_BLAST,6
WP_072828266_Fibrobacteres_Fibrobacteria_Fibrobacterales_Fibrobacteraceae_Fibrobacter_BLAST,6
WP_074208141_Fibrobacteres_Fibrobacteria_Fibrobacterales_Fibrobacteraceae_Fibrobacter_BLAST,6
WP_173389718_Fibrobacteres_Fibrobacteria_Fibrobacterales_Fibrobacteraceae_Fibrobacter_BLAST,6
WP_173475229_Fibrobacteres_Fibrobacteria_Fibrobacterales_Fibrobacteraceae_Fibrobacter_BLAST,6
WP_173356546_Fibrobacteres_Fibrobacteria_Fibrobacterales_Fibrobacteraceae_Fibrobacter_BLAST,6
WP_088641179_Fibrobacteres_Fibrobacteria_Fibrobacterales_Fibrobacteraceae_Fibrobacter_BLAST,6
WP_173354004_Fibrobacteres_Fibrobacteria_Fibrobacterales_Fibrobacteraceae_Fibrobacter_BLAST,6
WP_173468542_Fibrobacteres_Fibrobacteria_Fibrobacterales_Fibrobacteraceae_Fibrobacter_BLAST,6
WP_173830902_Fibrobacteres_Fibrobacteria_Fibrobacterales_Fibrobacteraceae_Fibrobacter_BLAST,6
WP_173466554_Fibrobacteres_Fibrobacteria_Fibrobacterales_Fibrobacteraceae_Fibrobacter_BLAST,6
WP_173565315_Fibrobacteres_Fibrobacteria_Fibrobacterales_Fibrobacteraceae_Fibrobacter_BLAST,6
WP_073424538_Fibrobacteres_Fibrobacteria_Fibrobacterales_Fibrobacteraceae_Fibrobacter_BLAST,6
WP_097019876_Fibrobacteres_Fibrobacteria_Fibrobacterales_Fibrobacteraceae_Fibrobacter_BLAST,6
WP_012820061_Fibrobacteres_Fibrobacteria_Fibrobacterales_Fibrobacteraceae_Fibrobacter_BLAST,6
WP_088659821_Fibrobacteres_Fibrobacteria_Fibrobacterales_Fibrobacteraceae_Fibrobacter_BLAST,6
WP_088630212_Fibrobacteres_Fibrobacteria_Fibrobacterales_Fibrobacteraceae_Fibrobacter_BLAST,6
WP_085490095_Fibrobacteres_Fibrobacteria_Fibrobacterales_Fibrobacteraceae_Fibrobacter_BLAST,6
WP_173351527_Fibrobacteres_Fibrobacteria_Fibrobacterales_Fibrobacteraceae_Fibrobacter_BLAST,6
WP_173654450_Fibrobacteres_Fibrobacteria_Fibrobacterales_Fibrobacteraceae_Fibrobacter_BLAST,6
WP_072798614_Fibrobacteres_Fibrobacteria_Fibrobacterales_Fibrobacteraceae_Fibrobacter_BLAST,6
WP_088627565_Fibrobacteres_Fibrobacteria_Fibrobacterales_Fibrobacteraceae_Fibrobacter_BLAST,6
WP_173355476_Fibrobacteres_Fibrobacteria_Fibrobacterales_Fibrobacteraceae_Fibrobacter_BLAST,6
WP_173800539_Fibrobacteres_Fibrobacteria_Fibrobacterales_Fibrobacteraceae_Fibrobacter_BLAST,6
WP_073424073_Fibrobacteres_Fibrobacteria_Fibrobacterales_Fibrobacteraceae_Fibrobacter_BLAST,6
WP_085490492_Fibrobacteres_Fibrobacteria_Fibrobacterales_Fibrobacteraceae_Fibrobacter_BLAST,6
WP_173355155_Fibrobacteres_Fibrobacteria_Fibrobacterales_Fibrobacteraceae_Fibrobacter_BLAST,6
WP_173465946_Fibrobacteres_Fibrobacteria_Fibrobacterales_Fibrobacteraceae_Fibrobacter_BLAST,6
WP_173831436_Fibrobacteres_Fibrobacteria_Fibrobacterales_Fibrobacteraceae_Fibrobacter_BLAST,6
WP_088639629_Fibrobacteres_Fibrobacteria_Fibrobacterales_Fibrobacteraceae_Fibrobacter_BLAST,6
WP_173378456_Fibrobacteres_Fibrobacteria_Fibrobacterales_Fibrobacteraceae_Fibrobacter_BLAST,6
WP_173384896_Fibrobacteres_Fibrobacteria_Fibrobacterales_Fibrobacteraceae_Fibrobacter_BLAST,6
WP_088637626_Fibrobacteres_Fibrobacteria_Fibrobacterales_Fibrobacteraceae_Fibrobacter_BLAST,6
WP_173823985_Fibrobacteres_Fibrobacteria_Fibrobacterales_Fibrobacteraceae_Fibrobacter_BLAST,6
WP_173303737_Fibrobacteres_Fibrobacteria_Fibrobacterales_Fibrobacteraceae_Fibrobacter_BLAST,6
WP_173844612_Fibrobacteres_Fibrobacteria_Fibrobacterales_Fibrobacteraceae_Fibrobacter_BLAST,6
WP_173799732_Fibrobacteres_Fibrobacteria_Fibrobacterales_Fibrobacteraceae_Fibrobacter_BLAST,6
WP_097034615_Fibrobacteres_Fibrobacteria_Fibrobacterales_Fibrobacteraceae_Fibrobacter_BLAST,6
WP_073187109_Fibrobacteres_Fibrobacteria_Fibrobacterales_Fibrobacteraceae_Fibrobacter_BLAST,6
WP_163438979_Fibrobacteres_Fibrobacteria_Fibrobacterales_Fibrobacteraceae_Fibrobacter_BLAST,6
WP_163453655_Fibrobacteres_Fibrobacteria_Fibrobacterales_Fibrobacteraceae_Fibrobacter_BLAST,6
WP_173344462_Fibrobacteres_Fibrobacteria_Fibrobacterales_Fibrobacteraceae_Fibrobacter_BLAST,6
WP_072827120_Fibrobacteres_Fibrobacteria_Fibrobacterales_Fibrobacteraceae_Fibrobacter_BLAST,6
WP_074208626_Fibrobacteres_Fibrobacteria_Fibrobacterales_Fibrobacteraceae_Fibrobacter_BLAST,6
WP_088659456_Fibrobacteres_Fibrobacteria_Fibrobacterales_Fibrobacteraceae_Fibrobacter_BLAST,6
WP_012819956_Fibrobacteres_Fibrobacteria_Fibrobacterales_Fibrobacteraceae_Fibrobacter_PFAM,6
WP_109571802_Fibrobacteres_Fibrobacteria_Fibrobacterales_Fibrobacteraceae_Fibrobacter_BLAST,6
WP_173389720_Fibrobacteres_Fibrobacteria_Fibrobacterales_Fibrobacteraceae_Fibrobacter_BLAST,6
WP_173475231_Fibrobacteres_Fibrobacteria_Fibrobacterales_Fibrobacteraceae_Fibrobacter_BLAST,6
WP_135105215_Bacteroidetes_Bacteroidia_Bacteroidales_Dysgonamonadaceae_Dysgonomonas_BLAST,6
WP_006842839_Bacteroidetes_Bacteroidia_Bacteroidales_Dysgonamonadaceae_Dysgonomonas_PFAM,6
OJX64339_Bacteroidetes_Bacteroidia_Bacteroidales_Dysgonamonadaceae_Dysgonomonas_BLAST,6
SBV91655_Unknown_Unknown_Unknown_Unknown_uncultured_BLAST,6
WP_036900610_Bacteroidetes_Bacteroidia_Bacteroidales_Prevotellaceae_Prevotella_PFAM,6
WP_021312240_Bacteroidetes_Unknown_Unknown_Unknown_Bacteroidetes_PFAM,6
WP_013610946_Bacteroidetes_Bacteroidia_Bacteroidales_Odoribacteraceae_Odoribacter_PFAM,6
WP_011966844_Bacteroidetes_Bacteroidia_Bacteroidales_Tannerellaceae_Parabacteroides_PFAM,6
WP_008156851_Bacteroidetes_Bacteroidia_Bacteroidales_Tannerellaceae_Parabacteroides_PFAM,6
WP_024996041_Bacteroidetes_Bacteroidia_Bacteroidales_Bacteroidaceae_Bacteroides_PFAM,6
WP_073402810_Bacteroidetes_Bacteroidia_Bacteroidales_Bacteroidaceae_Bacteroides_PFAM,6
PKP35894_Unknown_Unknown_Unknown_Unknown_Bacteroidetes_BLAST,6
PID92182_Unknown_Unknown_Unknown_Unknown_Bacteroidetes_BLAST,6
WP_073003650_Bacteroidetes_Bacteroidia_Marinilabiliales_Prolixibacteraceae_Mariniphaga_PFAM,6
PKP21235_Unknown_Unknown_Unknown_Unknown_Bacteroidetes_BLAST,6
PKP48639_Unknown_Unknown_Unknown_Unknown_Bacteroidetes_BLAST,6
WP_159523895_Bacteroidetes_Bacteroidia_Marinilabiliales_Prolixibacteraceae_Sunxiuqinia_BLAST,6
KGN82073_Unknown_Unknown_Unknown_Unknown_Porphyromonadaceae_BLAST,6
WP_009216577_Bacteroidetes_Unknown_Unknown_Unknown_Bacteroidetes_PFAM,6
RKV83380_Unknown_Unknown_Unknown_Unknown_Bacteroidetes_BLAST,6
VVB77801_Unknown_Unknown_Unknown_Unknown_uncultured_BLAST,0
EKD50889_Unknown_Unknown_Unknown_Unknown_uncultured_BLAST,0
OGR57005_Unknown_Unknown_Unknown_Unknown_Elusimicrobia_BLAST,0
WP_052418762_Unknown_Unknown_Unknown_Unknown_Methanolacinia_BLAST,0
PWB55163_Unknown_Unknown_Unknown_Unknown_Candidatus_BLAST,0
AKB53046_Unknown_Unknown_Unknown_Unknown_Methanosarcina_BLAST,0
WP_048116330_Unknown_Unknown_Unknown_Unknown_Methanosarcina_BLAST,0
WP_094082263_Chlorobi_Chlorobia_Chlorobiales_Chlorobiaceae_Prosthecochloris_BLAST,0
WP_166808071_Chlorobi_Chlorobia_Chlorobiales_Chlorobiaceae_Chlorobium_BLAST,0
WP_076791343_Chlorobi_Chlorobia_Chlorobiales_Chlorobiaceae_Chlorobium_BLAST,0
WP_006366888_Chlorobi_Chlorobia_Chlorobiales_Chlorobiaceae_Chlorobium_BLAST,0
WP_011699278_Proteobacteria_Deltaproteobacteria_Syntrophobacterales_Syntrophobacteraceae_Syntrophobacter_BLAST,0
WP_011699169_Proteobacteria_Deltaproteobacteria_Syntrophobacterales_Syntrophobacteraceae_Syntrophobacter_BLAST,0
WP_154277714_Firmicutes_Clostridia_Clostridiales_Ruminococcaceae_Faecalibacterium_BLAST,0
OGO19432_Unknown_Unknown_Unknown_Unknown_Chloroflexi_BLAST,0
KAB2887727_Unknown_Unknown_Unknown_Unknown_Desulfobulbaceae_BLAST,0
WP_166807524_Chlorobi_Chlorobia_Chlorobiales_Chlorobiaceae_Chlorobium_BLAST,0
EAT58655_Chlorobi_Chlorobia_Chlorobiales_Chlorobiaceae_Chlorobium_BLAST,0
WP_156778040_Chlorobi_Chlorobia_Chlorobiales_Chlorobiaceae_Chlorobium_BLAST,0
WP_092439154_Bacteroidetes_Bacteroidia_Bacteroidales_Williamwhitmaniaceae_Williamwhitmania_BLAST,0
AFL68640_Proteobacteria_Epsilonproteobacteria_Campylobacterales_Campylobacteraceae_Sulfurospirillum_BLAST,0
WP_156790521_Proteobacteria_Epsilonproteobacteria_Campylobacterales_Campylobacteraceae_Sulfurospirillum_BLAST,0
WP_048166571_Unknown_Unknown_Unknown_Unknown_Methanosarcina_BLAST,0
WP_054298211_Unknown_Unknown_Unknown_Unknown_Methanosarcina_BLAST,0
WP_095643949_Unknown_Unknown_Unknown_Unknown_Methanosarcina_BLAST,0
AKB81976_Unknown_Unknown_Unknown_Unknown_Methanosarcina_BLAST,0
WP_048107388_Unknown_Unknown_Unknown_Unknown_Methanosarcina_BLAST,0
RQW77235_Unknown_Unknown_Unknown_Unknown_Methanothrix_BLAST,0
OPY52688_Unknown_Unknown_Unknown_Unknown_Methanosaeta_BLAST,0
WP_092362552_Unknown_Unknown_Unknown_Unknown_Enterocloster_BLAST,0
WP_173897816_Firmicutes_Clostridia_Clostridiales_Lachnospiraceae_Faecalicatena_BLAST,0
OKZ97712_Unknown_Unknown_Unknown_Unknown_Clostridiales_BLAST,0
SCX14591_Unknown_Unknown_Unknown_Unknown_Ruminococcaceae_BLAST,0
PWM40915_Unknown_Unknown_Unknown_Unknown_Clostridiales_BLAST,0
OGR01172_Unknown_Unknown_Unknown_Unknown_Deltaproteobacteria_BLAST,0
PKN17872_Unknown_Unknown_Unknown_Unknown_Deltaproteobacteria_BLAST,0
OGQ89240_Unknown_Unknown_Unknown_Unknown_Deltaproteobacteria_BLAST,0
OGR08413_Unknown_Unknown_Unknown_Unknown_Deltaproteobacteria_BLAST,0
OIP38405_Unknown_Unknown_Unknown_Unknown_Deltaproteobacteria_BLAST,0
PKN58340_Unknown_Unknown_Unknown_Unknown_Deltaproteobacteria_BLAST,0
OQA18300_Unknown_Unknown_Unknown_Unknown_bacterium_BLAST,0
OQA18304_Unknown_Unknown_Unknown_Unknown_bacterium_BLAST,0
WP_009148043_Proteobacteria_Gammaproteobacteria_Chromatiales_Chromatiaceae_Thiorhodovibrio_BLAST,0
TAJ14541_Unknown_Unknown_Unknown_Unknown_Marinilabiliaceae_BLAST,0
RPH29758_Unknown_Unknown_Unknown_Unknown_Bacteroidales_BLAST,0
WP_054742630_Firmicutes_Clostridia_Clostridiales_Lachnospiraceae_Cellulosilyticum_BLAST,3
WP_180143064_Proteobacteria_Deltaproteobacteria_Desulfobacterales_Desulfobacteraceae_Desulfoluna_BLAST,3
WP_092211847_Proteobacteria_Deltaproteobacteria_Desulfobacterales_Desulfobacteraceae_Desulfoluna_BLAST,3
WP_152006267_Proteobacteria_Deltaproteobacteria_Desulfobacterales_Desulfobacteraceae_Desulfoluna_BLAST,3
WP_068473543_Bacteroidetes_Bacteroidia_Marinilabiliales_Marinilabiliaceae_Saccharicrinis_BLAST,3
WP_051869376_Firmicutes_Clostridia_Clostridiales_Lachnospiraceae_Kineothrix_PFAM,3
WP_074461463_Firmicutes_Clostridia_Clostridiales_Lachnospiraceae_Butyrivibrio_BLAST,3
WP_092336214_Firmicutes_Clostridia_Clostridiales_Lachnospiraceae_Butyrivibrio_BLAST,3
WP_081811964_Firmicutes_Clostridia_Clostridiales_Lachnospiraceae_Butyrivibrio_BLAST,3
WP_051198938_Firmicutes_Clostridia_Clostridiales_Lachnospiraceae_Butyrivibrio_BLAST,3
WP_173345862_Fibrobacteres_Fibrobacteria_Fibrobacterales_Fibrobacteraceae_Fibrobacter_BLAST,3
WP_173357463_Fibrobacteres_Fibrobacteria_Fibrobacterales_Fibrobacteraceae_Fibrobacter_BLAST,3
WP_173341752_Fibrobacteres_Fibrobacteria_Fibrobacterales_Fibrobacteraceae_Fibrobacter_BLAST,3
WP_173555575_Fibrobacteres_Fibrobacteria_Fibrobacterales_Fibrobacteraceae_Fibrobacter_BLAST,3
WP_173473327_Fibrobacteres_Fibrobacteria_Fibrobacterales_Fibrobacteraceae_Fibrobacter_BLAST,3
WP_173389276_Fibrobacteres_Fibrobacteria_Fibrobacterales_Fibrobacteraceae_Fibrobacter_BLAST,3
WP_074208563_Fibrobacteres_Fibrobacteria_Fibrobacterales_Fibrobacteraceae_Fibrobacter_BLAST,3
WP_159462245_Fibrobacteres_Fibrobacteria_Fibrobacterales_Fibrobacteraceae_Fibrobacter_BLAST,3
WP_173463232_Fibrobacteres_Fibrobacteria_Fibrobacterales_Fibrobacteraceae_Fibrobacter_BLAST,3
WP_163443825_Fibrobacteres_Fibrobacteria_Fibrobacterales_Fibrobacteraceae_Fibrobacter_BLAST,3
WP_173847326_Fibrobacteres_Fibrobacteria_Fibrobacterales_Fibrobacteraceae_Fibrobacter_BLAST,3
OWV22037_Fibrobacteres_Fibrobacteria_Fibrobacterales_Fibrobacteraceae_Fibrobacter_BLAST,3
WP_176421750_Fibrobacteres_Fibrobacteria_Fibrobacterales_Fibrobacteraceae_Fibrobacter_BLAST,3
WP_173468951_Fibrobacteres_Fibrobacteria_Fibrobacterales_Fibrobacteraceae_Fibrobacter_BLAST,3
WP_012062297_Firmicutes_Clostridia_Clostridiales_Clostridiaceae_Alkaliphilus_BLAST,3
WP_044826550_Firmicutes_Clostridia_Clostridiales_Clostridiaceae_Clostridium_BLAST,3
WP_036944249_Firmicutes_Clostridia_Clostridiales_Hungateiclostridiaceae_Pseudobacteroides_BLAST,3
KNY25938_Firmicutes_Clostridia_Clostridiales_Hungateiclostridiaceae_Pseudobacteroides_BLAST,3
WP_036941006_Firmicutes_Clostridia_Clostridiales_Hungateiclostridiaceae_Pseudobacteroides_PFAM,3
WP_110462833_Firmicutes_Clostridia_Clostridiales_Hungateiclostridiaceae_Ruminiclostridium_BLAST,3
WP_137698165_Firmicutes_Clostridia_Clostridiales_Hungateiclostridiaceae_Ruminiclostridium_BLAST,3
WP_003517569_Firmicutes_Clostridia_Clostridiales_Hungateiclostridiaceae_Hungateiclostridium_BLAST,3
WP_027621527_Firmicutes_Clostridia_Clostridiales_Hungateiclostridiaceae_Hungateiclostridium_BLAST,3
WP_069193957_Unknown_Unknown_Unknown_Unknown_Clostridiales_BLAST,3
AJA46306_Firmicutes_Clostridia_Clostridiales_Clostridiaceae_Clostridium_BLAST,3
WP_127065638_Firmicutes_Clostridia_Clostridiales_Lachnospiraceae_Cellulosilyticum_BLAST,3
WP_127065161_Firmicutes_Clostridia_Clostridiales_Lachnospiraceae_Cellulosilyticum_BLAST,3
WP_013655150_Firmicutes_Clostridia_Clostridiales_Lachnospiraceae_Cellulosilyticum_PFAM,3
SHJ99614_Firmicutes_Clostridia_Clostridiales_Peptococcaceae_Desulfotomaculum_BLAST,3
WP_072910679_Firmicutes_Clostridia_Clostridiales_Peptococcaceae_Desulfotomaculum_BLAST,3
WP_191739259_Firmicutes_Clostridia_Clostridiales_Clostridiaceae_Clostridium_BLAST,3
WP_013291967_Firmicutes_Clostridia_Clostridiales_Clostridiaceae_Clostridium_BLAST,3
WP_013291968_Firmicutes_Clostridia_Clostridiales_Clostridiaceae_Clostridium_BLAST,3
WP_097019579_Firmicutes_Clostridia_Halanaerobiales_Halobacteroidaceae_Orenia_BLAST,3
WP_097019572_Firmicutes_Clostridia_Halanaerobiales_Halobacteroidaceae_Orenia_BLAST,3
RCX12977_Firmicutes_Clostridia_Clostridiales_Hungateiclostridiaceae_Anaerobacterium_BLAST,3
WP_114298729_Firmicutes_Clostridia_Clostridiales_Hungateiclostridiaceae_Anaerobacterium_BLAST,3
WP_161256615_Firmicutes_Clostridia_Clostridiales_Heliobacteriaceae_Heliobacterium_BLAST,3
WP_161261337_Firmicutes_Clostridia_Clostridiales_Heliobacteriaceae_Heliobacterium_BLAST,3
TWH49490_Firmicutes_Negativicutes_Selenomonadales_Sporomusaceae_Sporomusa_BLAST,3
WP_145102323_Firmicutes_Negativicutes_Selenomonadales_Sporomusaceae_Sporomusa_BLAST,3
ADI36357_Unknown_Unknown_Unknown_Unknown_Methanococcus_BLAST,3
WP_048187114_Unknown_Unknown_Unknown_Unknown_Methanococcus_BLAST,3
WP_181505177_Unknown_Unknown_Unknown_Unknown_Methanococcus_BLAST,3
WP_181493888_Unknown_Unknown_Unknown_Unknown_Methanococcus_BLAST,3
WP_181501120_Unknown_Unknown_Unknown_Unknown_Methanococcus_BLAST,3
WP_183547041_Unknown_Unknown_Unknown_Unknown_Methanococcus_BLAST,3
WP_184232021_Unknown_Unknown_Unknown_Unknown_Methanococcus_BLAST,3
WP_181521971_Unknown_Unknown_Unknown_Unknown_Methanococcus_BLAST,3
WP_181504535_Unknown_Unknown_Unknown_Unknown_Methanococcus_BLAST,3
WP_181488902_Unknown_Unknown_Unknown_Unknown_Methanococcus_BLAST,3
WP_092478132_Unknown_Unknown_Unknown_Unknown__BLAST,0
WP_117919639_Unknown_Unknown_Unknown_Unknown_unclassified_BLAST,0
WP_118772878_Firmicutes_Clostridia_Clostridiales_Lachnospiraceae_Roseburia_BLAST,0
WP_118597475_Firmicutes_Clostridia_Clostridiales_Lachnospiraceae_Roseburia_BLAST,0
WP_118591408_Firmicutes_Clostridia_Clostridiales_Lachnospiraceae_Roseburia_BLAST,0
WP_118209174_Firmicutes_Clostridia_Clostridiales_Lachnospiraceae_Roseburia_BLAST,0
SEA32341_Unknown_Unknown_Unknown_Unknown_Lachnospiraceae_BLAST,0
CUN22412_Unknown_Unknown_Unknown_Unknown__BLAST,0
DAB17088_Unknown_Unknown_Unknown_Unknown_Candidatus_BLAST,0
SCH84906_Unknown_Unknown_Unknown_Unknown_uncultured_BLAST,0
RHU27682_Unknown_Unknown_Unknown_Unknown_Firmicutes_BLAST,0
RGR54839_Unknown_Unknown_Unknown_Unknown__BLAST,0
ACR74189_Unknown_Unknown_Unknown_Unknown__BLAST,0
OLA16231_Firmicutes_Clostridia_Clostridiales_Eubacteriaceae_Eubacterium_BLAST,0
RGI67466_Unknown_Unknown_Unknown_Unknown__BLAST,0
OQB08665_Unknown_Unknown_Unknown_Unknown_Deltaproteobacteria_BLAST,0
PKN43965_Unknown_Unknown_Unknown_Unknown_Deltaproteobacteria_BLAST,0
OIP30500_Unknown_Unknown_Unknown_Unknown_Deltaproteobacteria_BLAST,0
RLB58682_Unknown_Unknown_Unknown_Unknown_Deltaproteobacteria_BLAST,0
RLB61408_Unknown_Unknown_Unknown_Unknown_Deltaproteobacteria_BLAST,0
PKN27833_Unknown_Unknown_Unknown_Unknown_Deltaproteobacteria_BLAST,0
PKN45738_Unknown_Unknown_Unknown_Unknown_Deltaproteobacteria_BLAST,0
OGR56953_Unknown_Unknown_Unknown_Unknown_Elusimicrobia_BLAST,0
OQA18562_Unknown_Unknown_Unknown_Unknown_bacterium_BLAST,0
SYZ73078_Unknown_Unknown_Unknown_Unknown_candidate_BLAST,0
TFH62132_Unknown_Unknown_Unknown_Unknown_candidate_BLAST,0
PKK83008_Unknown_Unknown_Unknown_Unknown_candidate_BLAST,0
PKK83010_Unknown_Unknown_Unknown_Unknown_candidate_BLAST,0
PKK84317_Unknown_Unknown_Unknown_Unknown_candidate_BLAST,0
KFO67784_Proteobacteria_Deltaproteobacteria_Syntrophobacterales_Syntrophaceae_Smithella_BLAST,0
KFZ45027_Proteobacteria_Deltaproteobacteria_Syntrophobacterales_Syntrophaceae_Smithella_BLAST,0
TFH06149_Unknown_Unknown_Unknown_Unknown_Candidatus_BLAST,0
OLS31401_Unknown_Unknown_Unknown_Unknown_Candidatus_BLAST,0
KXH70321_Unknown_Unknown_Unknown_Unknown_Candidatus_BLAST,0
TET10565_Unknown_Unknown_Unknown_Unknown_Candidatus_BLAST,0
PWI47436_Unknown_Unknown_Unknown_Unknown_Candidatus_BLAST,0
TFG19191_Unknown_Unknown_Unknown_Unknown_Candidatus_BLAST,0
OLS14312_Unknown_Unknown_Unknown_Unknown_Candidatus_BLAST,0
TET74108_Unknown_Unknown_Unknown_Unknown_Candidatus_BLAST,0
WP_147663049_Unknown_Unknown_Unknown_Unknown_Candidatus_BLAST,0
TKJ22127_Unknown_Unknown_Unknown_Unknown_Candidatus_BLAST,0
TET59837_Unknown_Unknown_Unknown_Unknown_Candidatus_BLAST,0
TKJ19248_Unknown_Unknown_Unknown_Unknown_Candidatus_BLAST,0
KYK26201_Unknown_Unknown_Unknown_Unknown_Thermoplasmatales_BLAST,0
RLF63087_Unknown_Unknown_Unknown_Unknown_Thermoplasmata_BLAST,0
KYK24463_Unknown_Unknown_Unknown_Unknown_Thermoplasmatales_BLAST,0
KYK28925_Unknown_Unknown_Unknown_Unknown_Thermoplasmatales_BLAST,0
KYK23162_Unknown_Unknown_Unknown_Unknown_Thermoplasmatales_BLAST,0
OGS40599_Unknown_Unknown_Unknown_Unknown_Euryarchaeota_BLAST,0
PNX45242_Unknown_Unknown_Unknown_Unknown_Thermoplasmata_BLAST,0
PNX52187_Unknown_Unknown_Unknown_Unknown_Thermoplasmata_BLAST,0
OYT56733_Unknown_Unknown_Unknown_Unknown_Euryarchaeota_BLAST,0
TFG06765_Unknown_Unknown_Unknown_Unknown_Candidatus_BLAST,0
RLF53058_Unknown_Unknown_Unknown_Unknown_Thermoplasmata_BLAST,0
RLF60985_Unknown_Unknown_Unknown_Unknown_Thermoplasmata_BLAST,0
RLF36212_Unknown_Unknown_Unknown_Unknown_Thermoplasmata_BLAST,0
RLF50213_Unknown_Unknown_Unknown_Unknown_Thermoplasmata_BLAST,0
RLF34247_Unknown_Unknown_Unknown_Unknown_Thermoplasmata_BLAST,0
RLF60986_Unknown_Unknown_Unknown_Unknown_Thermoplasmata_BLAST,0
TFG06764_Unknown_Unknown_Unknown_Unknown_Candidatus_BLAST,0
OYT56732_Unknown_Unknown_Unknown_Unknown_Euryarchaeota_BLAST,0
RLF50000_Unknown_Unknown_Unknown_Unknown_Thermoplasmata_BLAST,0
WP_004511797_Proteobacteria_Deltaproteobacteria_Desulfuromonadales_Geobacteraceae_Geobacter_PFAM,0
PIS47385_Unknown_Unknown_Unknown_Unknown_Elusimicrobia_BLAST,0
OGR49987_Unknown_Unknown_Unknown_Unknown_Elusimicrobia_BLAST,0
KAF0127130_Unknown_Unknown_Unknown_Unknown_Elusimicrobia_BLAST,0
OGS07379_Unknown_Unknown_Unknown_Unknown_Elusimicrobia_BLAST,0
OGR94160_Unknown_Unknown_Unknown_Unknown_Elusimicrobia_BLAST,0
OGR68253_Unknown_Unknown_Unknown_Unknown_Elusimicrobia_BLAST,0
OGR62108_Unknown_Unknown_Unknown_Unknown_Elusimicrobia_BLAST,0
OGR51611_Unknown_Unknown_Unknown_Unknown_Elusimicrobia_BLAST,0
OGR39595_Unknown_Unknown_Unknown_Unknown_Elusimicrobia_BLAST,0
PKM98778_Unknown_Unknown_Unknown_Unknown_Elusimicrobia_BLAST,0
OYT56730_Unknown_Unknown_Unknown_Unknown_Euryarchaeota_BLAST,0
OGC06920_Unknown_Unknown_Unknown_Unknown_candidate_BLAST,0
OGC22648_Unknown_Unknown_Unknown_Unknown_candidate_BLAST,0
RLC64878_Unknown_Unknown_Unknown_Unknown_Chloroflexi_BLAST,0
OGI03339_Unknown_Unknown_Unknown_Unknown_Candidatus_BLAST,0
OGH99347_Unknown_Unknown_Unknown_Unknown_Candidatus_BLAST,0
EKE03912_Unknown_Unknown_Unknown_Unknown_uncultured_BLAST,0
OGI23177_Unknown_Unknown_Unknown_Unknown_Candidatus_BLAST,0
KYK29435_Unknown_Unknown_Unknown_Unknown_Theionarchaea_BLAST,0
VVB77764_Unknown_Unknown_Unknown_Unknown_uncultured_BLAST,0
OGY43284_Unknown_Unknown_Unknown_Unknown_Candidatus_BLAST,0
RLB64444_Unknown_Unknown_Unknown_Unknown_Deltaproteobacteria_BLAST,0
OIP41846_Unknown_Unknown_Unknown_Unknown_Deltaproteobacteria_BLAST,0
PJB42162_Unknown_Unknown_Unknown_Unknown_Deltaproteobacteria_BLAST,0
PYQ26385_Unknown_Unknown_Unknown_Unknown_Acidobacteria_BLAST,5
PYS94512_Unknown_Unknown_Unknown_Unknown_Acidobacteria_BLAST,5
WP_043629091_Actinobacteria_Actinobacteria_Streptosporangiales_Streptosporangiaceae_Nonomuraea_BLAST,5
WP_158989110_Actinobacteria_Actinobacteria_Streptomycetales_Streptomycetaceae_Streptomyces_BLAST,5
WP_189600804_Actinobacteria_Actinobacteria_Streptomycetales_Streptomycetaceae_Streptomyces_BLAST,5
WP_169090890_Unknown_Unknown_Unknown_Unknown_unclassified_BLAST,5
WP_167744829_Actinobacteria_Actinobacteria_Streptomycetales_Streptomycetaceae_Streptomyces_BLAST,5
WP_087132074_Proteobacteria_Betaproteobacteria_Burkholderiales_Burkholderiaceae_Caballeronia_BLAST,5
WP_094564105_Proteobacteria_Betaproteobacteria_Burkholderiales_Oxalobacteraceae_Herbaspirillum_BLAST,5
TNV71278_Unknown_Unknown_Unknown_Unknown_Halteria_BLAST,5
WP_050043969_Proteobacteria_Alphaproteobacteria_Rhizobiales_Bradyrhizobiaceae_Bradyrhizobium_BLAST,5
WP_052832950_Proteobacteria_Alphaproteobacteria_Rhizobiales_Bradyrhizobiaceae_Bradyrhizobium_BLAST,5
WP_020539729_Actinobacteria_Actinobacteria_Streptosporangiales_Streptosporangiaceae_Nonomuraea_BLAST,5
WP_062765523_Proteobacteria_Alphaproteobacteria_Rhodospirillales_Rhodospirillaceae_Tistrella_BLAST,5
WP_014744829_Proteobacteria_Alphaproteobacteria_Rhodospirillales_Rhodospirillaceae_Tistrella_PFAM,5
WP_089289554_Unknown_Unknown_Unknown_Unknown_unclassified_BLAST,5
WP_173012739_Proteobacteria_Alphaproteobacteria_Rhodospirillales_Rhodospirillaceae_Niveispirillum_BLAST,5
WP_158809836_Proteobacteria_Alphaproteobacteria_Rhizobiales_Beijerinckiaceae_Beijerinckia_BLAST,5
WP_110119779_Unknown_Unknown_Unknown_Unknown_unclassified_BLAST,5
WP_116489530_Proteobacteria_Alphaproteobacteria_Caulobacterales_Caulobacteraceae_Caulobacter_BLAST,5
WP_109455006_Proteobacteria_Alphaproteobacteria_Caulobacterales_Caulobacteraceae_Caulobacter_BLAST,5
KSB89825_Proteobacteria_Alphaproteobacteria_Caulobacterales_Caulobacteraceae_Caulobacter_BLAST,5
WP_082656635_Proteobacteria_Alphaproteobacteria_Caulobacterales_Caulobacteraceae_Caulobacter_BLAST,5
WP_116564713_Proteobacteria_Alphaproteobacteria_Caulobacterales_Caulobacteraceae_Caulobacter_BLAST,5
WP_101713016_Proteobacteria_Alphaproteobacteria_Caulobacterales_Caulobacteraceae_Caulobacter_BLAST,5
WP_165255149_Proteobacteria_Alphaproteobacteria_Caulobacterales_Caulobacteraceae_Caulobacter_BLAST,5
WP_056720094_Proteobacteria_Alphaproteobacteria_Caulobacterales_Caulobacteraceae_Caulobacter_BLAST,5
EJL25068_Proteobacteria_Alphaproteobacteria_Caulobacterales_Caulobacteraceae_Caulobacter_BLAST,5
WP_035037713_Proteobacteria_Alphaproteobacteria_Caulobacterales_Caulobacteraceae_Caulobacter_BLAST,5
WP_082560751_Proteobacteria_Alphaproteobacteria_Caulobacterales_Caulobacteraceae_Caulobacter_BLAST,5
KQY92833_Proteobacteria_Alphaproteobacteria_Caulobacterales_Caulobacteraceae_Caulobacter_BLAST,5
WP_082554833_Proteobacteria_Alphaproteobacteria_Caulobacterales_Caulobacteraceae_Caulobacter_BLAST,5
KQY30376_Proteobacteria_Alphaproteobacteria_Caulobacterales_Caulobacteraceae_Caulobacter_BLAST,5
WP_051964459_Proteobacteria_Alphaproteobacteria_Caulobacterales_Caulobacteraceae_Caulobacter_BLAST,5
WP_051968917_Proteobacteria_Alphaproteobacteria_Caulobacterales_Caulobacteraceae_Caulobacter_BLAST,5
WP_145687669_Proteobacteria_Alphaproteobacteria_Caulobacterales_Caulobacteraceae_Caulobacter_BLAST,5
KRA64156_Proteobacteria_Alphaproteobacteria_Caulobacterales_Caulobacteraceae_Caulobacter_BLAST,5
WP_163230555_Unknown_Unknown_Unknown_Unknown_Bacteria_BLAST,5
WP_082564449_Proteobacteria_Alphaproteobacteria_Caulobacterales_Caulobacteraceae_Caulobacter_BLAST,5
KQZ32964_Proteobacteria_Alphaproteobacteria_Caulobacterales_Caulobacteraceae_Caulobacter_BLAST,5
WP_012977192_Proteobacteria_Alphaproteobacteria_Rhodospirillales_Rhodospirillaceae_Azospirillum_BLAST,5
WP_045586236_Proteobacteria_Alphaproteobacteria_Rhodospirillales_Rhodospirillaceae_Azospirillum_BLAST,5
WP_085085746_Proteobacteria_Alphaproteobacteria_Rhodospirillales_Rhodospirillaceae_Azospirillum_BLAST,5
PWC57302_Proteobacteria_Alphaproteobacteria_Rhodospirillales_Rhodospirillaceae_Azospirillum_BLAST,5
WP_109075979_Unknown_Unknown_Unknown_Unknown_unclassified_BLAST,5
WP_109151903_Proteobacteria_Alphaproteobacteria_Rhodospirillales_Rhodospirillaceae_Azospirillum_BLAST,5
WP_136703181_Proteobacteria_Alphaproteobacteria_Rhodospirillales_Rhodospirillaceae_Azospirillum_BLAST,5
WP_149199108_Proteobacteria_Alphaproteobacteria_Rhodospirillales_Rhodospirillaceae_Azospirillum_BLAST,5
WP_014249603_Proteobacteria_Alphaproteobacteria_Rhodospirillales_Rhodospirillaceae_Azospirillum_PFAM,5
WP_108549030_Proteobacteria_Alphaproteobacteria_Rhodospirillales_Rhodospirillaceae_Azospirillum_BLAST,5
WP_149273293_Proteobacteria_Alphaproteobacteria_Rhodospirillales_Rhodospirillaceae_Azospirillum_BLAST,5
WP_145729398_Proteobacteria_Alphaproteobacteria_Rhodospirillales_Rhodospirillaceae_Nitrospirillum_BLAST,5
WP_145748727_Proteobacteria_Alphaproteobacteria_Rhodospirillales_Rhodospirillaceae_Nitrospirillum_BLAST,5
WP_088873151_Proteobacteria_Alphaproteobacteria_Rhodospirillales_Rhodospirillaceae_Nitrospirillum_BLAST,5
WP_145615044_Proteobacteria_Alphaproteobacteria_Rhodospirillales_Rhodospirillaceae_Nitrospirillum_BLAST,5
WP_145610182_Proteobacteria_Alphaproteobacteria_Rhodospirillales_Rhodospirillaceae_Nitrospirillum_BLAST,5
WP_004273211_Proteobacteria_Alphaproteobacteria_Rhodospirillales_Rhodospirillaceae_Nitrospirillum_characterized,5
KYF90177_Proteobacteria_Deltaproteobacteria_Myxococcales_Polyangiaceae_Sorangium_BLAST,5
KYF96555_Proteobacteria_Deltaproteobacteria_Myxococcales_Polyangiaceae_Sorangium_BLAST,5
WP_020737839_Proteobacteria_Deltaproteobacteria_Myxococcales_Polyangiaceae_Sorangium_BLAST,5
KYG04170_Proteobacteria_Deltaproteobacteria_Myxococcales_Polyangiaceae_Sorangium_BLAST,5
ADV84348_Acidobacteria_Acidobacteriia_Acidobacteriales_Acidobacteriaceae_Terriglobus_BLAST,5
WP_144312478_Acidobacteria_Acidobacteriia_Acidobacteriales_Acidobacteriaceae_Terriglobus_BLAST,5
WP_077300914_Proteobacteria_Betaproteobacteria_Neisseriales_Chromobacteriaceae_Aquaspirillum_BLAST,5
WP_076400480_Proteobacteria_Alphaproteobacteria_Rhodospirillales_Rhodospirillaceae_Insolitispirillum_BLAST,5
WP_019104567_Proteobacteria_Betaproteobacteria_Neisseriales_Chromobacteriaceae_Chromobacterium_BLAST,5
WP_081574505_Proteobacteria_Betaproteobacteria_Neisseriales_Chromobacteriaceae_Chromobacterium_BLAST,5
WP_043631531_Proteobacteria_Betaproteobacteria_Neisseriales_Chromobacteriaceae_Chromobacterium_BLAST,5
WP_081555114_Proteobacteria_Betaproteobacteria_Neisseriales_Chromobacteriaceae_Chromobacterium_BLAST,5
WP_081547107_Proteobacteria_Betaproteobacteria_Neisseriales_Chromobacteriaceae_Chromobacterium_BLAST,5
WP_166451741_Proteobacteria_Betaproteobacteria_Neisseriales_Chromobacteriaceae_Chromobacterium_BLAST,5
WP_107798860_Proteobacteria_Betaproteobacteria_Neisseriales_Chromobacteriaceae_Chromobacterium_BLAST,5
WP_048414465_Proteobacteria_Betaproteobacteria_Neisseriales_Chromobacteriaceae_Chromobacterium_PFAM,5
WP_048410624_Proteobacteria_Betaproteobacteria_Neisseriales_Chromobacteriaceae_Chromobacterium_BLAST,5
WP_137940225_Proteobacteria_Betaproteobacteria_No_order_No_family_Chitinivorax_BLAST,5
WP_189534618_Proteobacteria_Betaproteobacteria_Neisseriales_Chromobacteriaceae_Paludibacterium_BLAST,5
AFH75335_Proteobacteria_Gammaproteobacteria_Pseudomonadales_Pseudomonadaceae_Pseudomonas_BLAST,5
WP_124346322_Proteobacteria_Gammaproteobacteria_Pseudomonadales_Pseudomonadaceae_Pseudomonas_BLAST,5
WP_185701745_Proteobacteria_Gammaproteobacteria_Pseudomonadales_Pseudomonadaceae_Pseudomonas_BLAST,5
WP_022643565_Proteobacteria_Gammaproteobacteria_Pseudomonadales_Pseudomonadaceae_Pseudomonas_BLAST,5
WP_053138491_Proteobacteria_Gammaproteobacteria_Pseudomonadales_Pseudomonadaceae_Pseudomonas_BLAST,5
WP_152897173_Proteobacteria_Gammaproteobacteria_Pseudomonadales_Pseudomonadaceae_Pseudomonas_BLAST,5
WP_085599989_Unknown_Unknown_Unknown_Unknown_unclassified_BLAST,5
WP_103326699_Proteobacteria_Gammaproteobacteria_Pseudomonadales_Pseudomonadaceae_Pseudomonas_BLAST,5
WP_123724082_Proteobacteria_Gammaproteobacteria_Pseudomonadales_Pseudomonadaceae_Pseudomonas_BLAST,5
WP_047285145_Proteobacteria_Gammaproteobacteria_Pseudomonadales_Pseudomonadaceae_Pseudomonas_BLAST,5
WP_103291316_Proteobacteria_Gammaproteobacteria_Pseudomonadales_Pseudomonadaceae_Pseudomonas_BLAST,5
WP_103408102_Proteobacteria_Gammaproteobacteria_Pseudomonadales_Pseudomonadaceae_Pseudomonas_BLAST,5
WP_041117107_Proteobacteria_Gammaproteobacteria_Pseudomonadales_Pseudomonadaceae_Pseudomonas_BLAST,5
AAY91426_Proteobacteria_Gammaproteobacteria_Pseudomonadales_Pseudomonadaceae_Pseudomonas_BLAST,5
WP_072451501_Unknown_Unknown_Unknown_Unknown_unclassified_BLAST,5
WP_145713021_Proteobacteria_Gammaproteobacteria_Pseudomonadales_Pseudomonadaceae_Pseudomonas_BLAST,5
WP_015634941_Proteobacteria_Gammaproteobacteria_Pseudomonadales_Pseudomonadaceae_Pseudomonas_BLAST,5
WP_183000911_Unknown_Unknown_Unknown_Unknown_unclassified_BLAST,5
WP_047336236_Proteobacteria_Gammaproteobacteria_Pseudomonadales_Pseudomonadaceae_Pseudomonas_BLAST,5
WP_123392673_Proteobacteria_Gammaproteobacteria_Pseudomonadales_Pseudomonadaceae_Pseudomonas_BLAST,5
WP_102863592_Proteobacteria_Gammaproteobacteria_Pseudomonadales_Pseudomonadaceae_Pseudomonas_BLAST,5
WP_102882412_Proteobacteria_Gammaproteobacteria_Pseudomonadales_Pseudomonadaceae_Pseudomonas_BLAST,5
WP_025130124_Proteobacteria_Gammaproteobacteria_Pseudomonadales_Pseudomonadaceae_Pseudomonas_BLAST,5
WP_161759237_Unknown_Unknown_Unknown_Unknown_unclassified_BLAST,5
WP_060838456_Proteobacteria_Gammaproteobacteria_Pseudomonadales_Pseudomonadaceae_Pseudomonas_BLAST,5
WP_060843025_Proteobacteria_Gammaproteobacteria_Pseudomonadales_Pseudomonadaceae_Pseudomonas_BLAST,5
WP_179597208_Proteobacteria_Gammaproteobacteria_Pseudomonadales_Pseudomonadaceae_Pseudomonas_BLAST,5
WP_047305108_Proteobacteria_Gammaproteobacteria_Pseudomonadales_Pseudomonadaceae_Pseudomonas_BLAST,5
WP_159897589_Proteobacteria_Gammaproteobacteria_Pseudomonadales_Pseudomonadaceae_Pseudomonas_BLAST,5
WP_092316178_Proteobacteria_Gammaproteobacteria_Pseudomonadales_Pseudomonadaceae_Pseudomonas_BLAST,5
WP_110723159_Unknown_Unknown_Unknown_Unknown_unclassified_BLAST,5
WP_103496830_Proteobacteria_Gammaproteobacteria_Pseudomonadales_Pseudomonadaceae_Pseudomonas_BLAST,5
WP_100941715_Proteobacteria_Gammaproteobacteria_Pseudomonadales_Pseudomonadaceae_Pseudomonas_BLAST,5
WP_040066309_Proteobacteria_Gammaproteobacteria_Pseudomonadales_Pseudomonadaceae_Pseudomonas_BLAST,5
WP_177145414_Proteobacteria_Gammaproteobacteria_Pseudomonadales_Pseudomonadaceae_Pseudomonas_BLAST,5
WP_134826564_Proteobacteria_Gammaproteobacteria_Pseudomonadales_Pseudomonadaceae_Pseudomonas_BLAST,5
WP_085708432_Unknown_Unknown_Unknown_Unknown_unclassified_BLAST,5
WP_119429120_Proteobacteria_Gammaproteobacteria_Pseudomonadales_Pseudomonadaceae_Pseudomonas_BLAST,5
WP_114882444_Proteobacteria_Gammaproteobacteria_Pseudomonadales_Pseudomonadaceae_Pseudomonas_BLAST,5
WP_085734019_Unknown_Unknown_Unknown_Unknown_unclassified_BLAST,5
WP_102621674_Unknown_Unknown_Unknown_Unknown_unclassified_BLAST,5
WP_065261299_Proteobacteria_Gammaproteobacteria_Pseudomonadales_Pseudomonadaceae_Pseudomonas_BLAST,5
WP_085688336_Unknown_Unknown_Unknown_Unknown_unclassified_BLAST,5
WP_085703723_Proteobacteria_Gammaproteobacteria_Pseudomonadales_Pseudomonadaceae_Pseudomonas_BLAST,5
WP_085700336_Proteobacteria_Gammaproteobacteria_Pseudomonadales_Pseudomonadaceae_Pseudomonas_BLAST,5
WP_115077531_Proteobacteria_Gammaproteobacteria_Pseudomonadales_Pseudomonadaceae_Pseudomonas_BLAST,5
WP_108561500_Proteobacteria_Gammaproteobacteria_Pseudomonadales_Pseudomonadaceae_Pseudomonas_BLAST,5
WP_011333776_Proteobacteria_Gammaproteobacteria_Pseudomonadales_Pseudomonadaceae_Pseudomonas_BLAST,5
WP_127797853_Proteobacteria_Gammaproteobacteria_Pseudomonadales_Pseudomonadaceae_Pseudomonas_BLAST,5
WP_192564647_Proteobacteria_Gammaproteobacteria_Pseudomonadales_Pseudomonadaceae_Pseudomonas_BLAST,5
WP_007955475_Proteobacteria_Gammaproteobacteria_Pseudomonadales_Pseudomonadaceae_Pseudomonas_BLAST,5
WP_064381945_Proteobacteria_Gammaproteobacteria_Pseudomonadales_Pseudomonadaceae_Pseudomonas_BLAST,5
WP_085604704_Unknown_Unknown_Unknown_Unknown_unclassified_BLAST,5
WP_025111553_Proteobacteria_Gammaproteobacteria_Pseudomonadales_Pseudomonadaceae_Pseudomonas_BLAST,5
WP_127651424_Proteobacteria_Gammaproteobacteria_Pseudomonadales_Pseudomonadaceae_Pseudomonas_BLAST,5
WP_102357257_Proteobacteria_Gammaproteobacteria_Pseudomonadales_Pseudomonadaceae_Pseudomonas_BLAST,5
WP_108591004_Proteobacteria_Gammaproteobacteria_Pseudomonadales_Pseudomonadaceae_Pseudomonas_BLAST,5
WP_007969211_Proteobacteria_Gammaproteobacteria_Pseudomonadales_Pseudomonadaceae_Pseudomonas_BLAST,5
WP_041062761_Proteobacteria_Gammaproteobacteria_Pseudomonadales_Pseudomonadaceae_Pseudomonas_BLAST,5
WP_083368816_Proteobacteria_Gammaproteobacteria_Pseudomonadales_Pseudomonadaceae_Pseudomonas_BLAST,5
WP_145596882_Proteobacteria_Gammaproteobacteria_Pseudomonadales_Pseudomonadaceae_Pseudomonas_BLAST,5
WP_095666849_Proteobacteria_Gammaproteobacteria_Pseudomonadales_Pseudomonadaceae_Pseudomonas_BLAST,5
WP_182401593_Proteobacteria_Gammaproteobacteria_Pseudomonadales_Pseudomonadaceae_Pseudomonas_BLAST,5
WP_047294899_Proteobacteria_Gammaproteobacteria_Pseudomonadales_Pseudomonadaceae_Pseudomonas_BLAST,5
WP_086790896_Proteobacteria_Gammaproteobacteria_Pseudomonadales_Pseudomonadaceae_Pseudomonas_BLAST,5
AVX88897_Proteobacteria_Gammaproteobacteria_Pseudomonadales_Pseudomonadaceae_Pseudomonas_BLAST,5
WP_141129193_Proteobacteria_Gammaproteobacteria_Pseudomonadales_Pseudomonadaceae_Pseudomonas_BLAST,5
PTT92278_Proteobacteria_Gammaproteobacteria_Pseudomonadales_Pseudomonadaceae_Pseudomonas_BLAST,5
WP_123464286_Proteobacteria_Gammaproteobacteria_Pseudomonadales_Pseudomonadaceae_Pseudomonas_BLAST,5
WP_085707372_Proteobacteria_Gammaproteobacteria_Pseudomonadales_Pseudomonadaceae_Pseudomonas_BLAST,5
WP_085639192_Unknown_Unknown_Unknown_Unknown_unclassified_BLAST,5
WP_085656441_Proteobacteria_Gammaproteobacteria_Pseudomonadales_Pseudomonadaceae_Pseudomonas_BLAST,5
WP_071550659_Proteobacteria_Gammaproteobacteria_Pseudomonadales_Pseudomonadaceae_Pseudomonas_BLAST,5
WP_123426062_Proteobacteria_Gammaproteobacteria_Pseudomonadales_Pseudomonadaceae_Pseudomonas_BLAST,5
WP_145020125_Proteobacteria_Gammaproteobacteria_Pseudomonadales_Pseudomonadaceae_Pseudomonas_BLAST,5
WP_123583584_Proteobacteria_Gammaproteobacteria_Pseudomonadales_Pseudomonadaceae_Pseudomonas_characterized,5
WP_103316428_Unknown_Unknown_Unknown_Unknown_unclassified_BLAST,5
WP_123494098_Proteobacteria_Gammaproteobacteria_Pseudomonadales_Pseudomonadaceae_Pseudomonas_BLAST,5
WP_192342748_Proteobacteria_Gammaproteobacteria_Pseudomonadales_Pseudomonadaceae_Pseudomonas_BLAST,5
WP_123360852_Proteobacteria_Gammaproteobacteria_Pseudomonadales_Pseudomonadaceae_Pseudomonas_BLAST,5
WP_038982648_Proteobacteria_Gammaproteobacteria_Pseudomonadales_Pseudomonadaceae_Pseudomonas_BLAST,5
WP_123722215_Proteobacteria_Gammaproteobacteria_Pseudomonadales_Pseudomonadaceae_Pseudomonas_BLAST,5
WP_063343244_Proteobacteria_Gammaproteobacteria_Pseudomonadales_Pseudomonadaceae_Pseudomonas_BLAST,5
WP_052966841_Proteobacteria_Gammaproteobacteria_Pseudomonadales_Pseudomonadaceae_Pseudomonas_BLAST,5
WP_095055759_Proteobacteria_Gammaproteobacteria_Pseudomonadales_Pseudomonadaceae_Pseudomonas_BLAST,5
WP_030130566_Proteobacteria_Gammaproteobacteria_Pseudomonadales_Pseudomonadaceae_Pseudomonas_BLAST,5
WP_007906514_Proteobacteria_Gammaproteobacteria_Pseudomonadales_Pseudomonadaceae_Pseudomonas_BLAST,5
WP_008012209_Proteobacteria_Gammaproteobacteria_Pseudomonadales_Pseudomonadaceae_Pseudomonas_BLAST,5
WP_008070739_Proteobacteria_Gammaproteobacteria_Pseudomonadales_Pseudomonadaceae_Pseudomonas_BLAST,5
WP_019582134_Proteobacteria_Gammaproteobacteria_Pseudomonadales_Pseudomonadaceae_Pseudomonas_BLAST,5
WP_138867206_Unknown_Unknown_Unknown_Unknown_unclassified_BLAST,5
WP_111453796_Proteobacteria_Gammaproteobacteria_Pseudomonadales_Pseudomonadaceae_Pseudomonas_BLAST,5
WP_018928080_Proteobacteria_Gammaproteobacteria_Pseudomonadales_Pseudomonadaceae_Pseudomonas_BLAST,5
WP_064616995_Proteobacteria_Gammaproteobacteria_Pseudomonadales_Pseudomonadaceae_Pseudomonas_BLAST,5
WP_028940397_Proteobacteria_Gammaproteobacteria_Pseudomonadales_Pseudomonadaceae_Pseudomonas_BLAST,5
WP_007938112_Proteobacteria_Gammaproteobacteria_Pseudomonadales_Pseudomonadaceae_Pseudomonas_BLAST,5
WP_105349067_Proteobacteria_Gammaproteobacteria_Pseudomonadales_Pseudomonadaceae_Pseudomonas_BLAST,5
WP_054054573_Proteobacteria_Gammaproteobacteria_Pseudomonadales_Pseudomonadaceae_Pseudomonas_BLAST,5
WP_054614196_Proteobacteria_Gammaproteobacteria_Pseudomonadales_Pseudomonadaceae_Pseudomonas_BLAST,5
WP_123509027_Proteobacteria_Gammaproteobacteria_Pseudomonadales_Pseudomonadaceae_Pseudomonas_BLAST,5
WP_123596898_Proteobacteria_Gammaproteobacteria_Pseudomonadales_Pseudomonadaceae_Pseudomonas_BLAST,5
WP_123409744_Proteobacteria_Gammaproteobacteria_Pseudomonadales_Pseudomonadaceae_Pseudomonas_BLAST,5
WP_081362153_Proteobacteria_Gammaproteobacteria_Pseudomonadales_Pseudomonadaceae_Pseudomonas_BLAST,5
WP_124320136_Proteobacteria_Gammaproteobacteria_Pseudomonadales_Pseudomonadaceae_Pseudomonas_BLAST,5
WP_180924997_Proteobacteria_Gammaproteobacteria_Pseudomonadales_Pseudomonadaceae_Pseudomonas_BLAST,5
WP_124337962_Proteobacteria_Gammaproteobacteria_Pseudomonadales_Pseudomonadaceae_Pseudomonas_BLAST,5
WP_124310779_Proteobacteria_Gammaproteobacteria_Pseudomonadales_Pseudomonadaceae_Pseudomonas_BLAST,5
ETD37493_Proteobacteria_Gammaproteobacteria_Pseudomonadales_Pseudomonadaceae_Pseudomonas_BLAST,5
WP_031286339_Proteobacteria_Gammaproteobacteria_Pseudomonadales_Pseudomonadaceae_Pseudomonas_BLAST,5
WP_124354767_Proteobacteria_Gammaproteobacteria_Pseudomonadales_Pseudomonadaceae_Pseudomonas_BLAST,5
WP_096373656_Proteobacteria_Gammaproteobacteria_Pseudomonadales_Pseudomonadaceae_Pseudomonas_BLAST,5
WP_124298944_Proteobacteria_Gammaproteobacteria_Pseudomonadales_Pseudomonadaceae_Pseudomonas_BLAST,5
WP_124350372_Proteobacteria_Gammaproteobacteria_Pseudomonadales_Pseudomonadaceae_Pseudomonas_BLAST,5
WP_114761908_Proteobacteria_Gammaproteobacteria_Pseudomonadales_Pseudomonadaceae_Pseudomonas_BLAST,5
WP_092418567_Proteobacteria_Gammaproteobacteria_Pseudomonadales_Pseudomonadaceae_Pseudomonas_BLAST,5
WP_101337377_Proteobacteria_Gammaproteobacteria_Pseudomonadales_Pseudomonadaceae_Pseudomonas_BLAST,5
WP_075118992_Proteobacteria_Gammaproteobacteria_Pseudomonadales_Pseudomonadaceae_Pseudomonas_BLAST,5
WP_044462347_Proteobacteria_Gammaproteobacteria_Pseudomonadales_Pseudomonadaceae_Pseudomonas_BLAST,5
WP_045884278_Proteobacteria_Gammaproteobacteria_Pseudomonadales_Pseudomonadaceae_Pseudomonas_BLAST,5
WP_092305211_Proteobacteria_Gammaproteobacteria_Pseudomonadales_Pseudomonadaceae_Pseudomonas_BLAST,5
WP_053278297_Proteobacteria_Gammaproteobacteria_Pseudomonadales_Pseudomonadaceae_Pseudomonas_BLAST,5
WP_097305319_Proteobacteria_Gammaproteobacteria_Pseudomonadales_Pseudomonadaceae_Pseudomonas_BLAST,5
WP_169912926_Proteobacteria_Gammaproteobacteria_Pseudomonadales_Pseudomonadaceae_Pseudomonas_BLAST,5
WP_102676549_Proteobacteria_Gammaproteobacteria_Pseudomonadales_Pseudomonadaceae_Pseudomonas_BLAST,5
WP_025804124_Proteobacteria_Gammaproteobacteria_Pseudomonadales_Pseudomonadaceae_Pseudomonas_BLAST,5
WP_054063270_Proteobacteria_Gammaproteobacteria_Pseudomonadales_Pseudomonadaceae_Pseudomonas_BLAST,5
WP_071113521_Proteobacteria_Betaproteobacteria_Neisseriales_Chromobacteriaceae_Chromobacterium_BLAST,5
WP_043572039_Proteobacteria_Betaproteobacteria_Neisseriales_Chromobacteriaceae_Chromobacterium_BLAST,5
WP_047249736_Proteobacteria_Betaproteobacteria_Neisseriales_Chromobacteriaceae_Chromobacterium_BLAST,5
WP_047236229_Proteobacteria_Betaproteobacteria_Neisseriales_Chromobacteriaceae_Chromobacterium_BLAST,5
WP_103904351_Proteobacteria_Betaproteobacteria_Neisseriales_Chromobacteriaceae_Chromobacterium_BLAST,5
WP_043628614_Proteobacteria_Betaproteobacteria_Neisseriales_Chromobacteriaceae_Chromobacterium_BLAST,5
WP_071108553_Proteobacteria_Betaproteobacteria_Neisseriales_Chromobacteriaceae_Chromobacterium_BLAST,5
WP_106076446_Proteobacteria_Betaproteobacteria_Neisseriales_Chromobacteriaceae_Chromobacterium_BLAST,5
WP_103321630_Proteobacteria_Betaproteobacteria_Neisseriales_Chromobacteriaceae_Chromobacterium_BLAST,5
WP_101708484_Proteobacteria_Betaproteobacteria_Neisseriales_Chromobacteriaceae_Chromobacterium_BLAST,5
WP_136892637_Proteobacteria_Betaproteobacteria_Burkholderiales_Burkholderiaceae_Trinickia_BLAST,5
WP_010107499_Proteobacteria_Betaproteobacteria_Burkholderiales_Burkholderiaceae_Burkholderia_BLAST,5
WP_010117820_Proteobacteria_Betaproteobacteria_Burkholderiales_Burkholderiaceae_Burkholderia_BLAST,5
WP_059469845_Proteobacteria_Betaproteobacteria_Burkholderiales_Burkholderiaceae_Burkholderia_BLAST,5
WP_059598595_Proteobacteria_Betaproteobacteria_Burkholderiales_Burkholderiaceae_Burkholderia_BLAST,5
WP_066493186_Proteobacteria_Betaproteobacteria_Burkholderiales_Burkholderiaceae_Burkholderia_BLAST,5
WP_066575603_Proteobacteria_Betaproteobacteria_Burkholderiales_Burkholderiaceae_Burkholderia_BLAST,5
WP_038754696_Proteobacteria_Betaproteobacteria_Burkholderiales_Burkholderiaceae_Burkholderia_BLAST,5
WP_102814233_Proteobacteria_Betaproteobacteria_Burkholderiales_Burkholderiaceae_Burkholderia_BLAST,5
WP_038736094_Proteobacteria_Betaproteobacteria_Burkholderiales_Burkholderiaceae_Burkholderia_BLAST,5
WP_050859342_Proteobacteria_Betaproteobacteria_Burkholderiales_Burkholderiaceae_Burkholderia_BLAST,5
WP_038765981_Proteobacteria_Betaproteobacteria_Burkholderiales_Burkholderiaceae_Burkholderia_BLAST,5
WP_076884886_Proteobacteria_Betaproteobacteria_Burkholderiales_Burkholderiaceae_Burkholderia_BLAST,5
WP_038725294_Proteobacteria_Betaproteobacteria_Burkholderiales_Burkholderiaceae_Burkholderia_BLAST,5
WP_122888345_Proteobacteria_Betaproteobacteria_Burkholderiales_Burkholderiaceae_Burkholderia_BLAST,5
WP_044363047_Proteobacteria_Betaproteobacteria_Burkholderiales_Burkholderiaceae_Burkholderia_BLAST,5
EEH29242_Proteobacteria_Betaproteobacteria_Burkholderiales_Burkholderiaceae_Burkholderia_BLAST,5
WP_076934204_Proteobacteria_Betaproteobacteria_Burkholderiales_Burkholderiaceae_Burkholderia_BLAST,5
WP_044361818_Proteobacteria_Betaproteobacteria_Burkholderiales_Burkholderiaceae_Burkholderia_BLAST,5
WP_076890038_Proteobacteria_Betaproteobacteria_Burkholderiales_Burkholderiaceae_Burkholderia_BLAST,5
WP_122827056_Proteobacteria_Betaproteobacteria_Burkholderiales_Burkholderiaceae_Burkholderia_BLAST,5
WP_155017842_Proteobacteria_Betaproteobacteria_Burkholderiales_Burkholderiaceae_Burkholderia_BLAST,5
WP_085513884_Proteobacteria_Betaproteobacteria_Burkholderiales_Burkholderiaceae_Burkholderia_BLAST,5
WP_120733745_Proteobacteria_Betaproteobacteria_Burkholderiales_Burkholderiaceae_Burkholderia_BLAST,5
WP_076899379_Proteobacteria_Betaproteobacteria_Burkholderiales_Burkholderiaceae_Burkholderia_BLAST,5
WP_076880699_Proteobacteria_Betaproteobacteria_Burkholderiales_Burkholderiaceae_Burkholderia_BLAST,5
WP_038739675_Proteobacteria_Betaproteobacteria_Burkholderiales_Burkholderiaceae_Burkholderia_BLAST,5
WP_041189479_Proteobacteria_Betaproteobacteria_Burkholderiales_Burkholderiaceae_Burkholderia_BLAST,5
WP_076904895_Proteobacteria_Betaproteobacteria_Burkholderiales_Burkholderiaceae_Burkholderia_BLAST,5
WP_038762914_Proteobacteria_Betaproteobacteria_Burkholderiales_Burkholderiaceae_Burkholderia_BLAST,5
WP_171466361_Proteobacteria_Betaproteobacteria_Burkholderiales_Burkholderiaceae_Burkholderia_BLAST,5
WP_009894165_Proteobacteria_Betaproteobacteria_Burkholderiales_Burkholderiaceae_Burkholderia_characterized,5
WP_009901407_Proteobacteria_Betaproteobacteria_Burkholderiales_Burkholderiaceae_Burkholderia_BLAST,5
WP_019255394_Proteobacteria_Betaproteobacteria_Burkholderiales_Burkholderiaceae_Burkholderia_BLAST,5
WP_006029086_Proteobacteria_Betaproteobacteria_Burkholderiales_Burkholderiaceae_Burkholderia_BLAST,5
WP_063534465_Proteobacteria_Betaproteobacteria_Burkholderiales_Burkholderiaceae_Burkholderia_BLAST,5
WP_171928634_Proteobacteria_Betaproteobacteria_Burkholderiales_Burkholderiaceae_Paraburkholderia_BLAST,5
WP_105511553_Proteobacteria_Betaproteobacteria_Burkholderiales_Burkholderiaceae_Paraburkholderia_BLAST,5
ASL46315_Proteobacteria_Betaproteobacteria_Burkholderiales_Burkholderiaceae_Burkholderia_BLAST,5
WP_111934302_Proteobacteria_Betaproteobacteria_Burkholderiales_Burkholderiaceae_Paraburkholderia_BLAST,5
WP_035555099_Unknown_Unknown_Unknown_Unknown_Burkholderiaceae_BLAST,5
WP_179710545_Proteobacteria_Betaproteobacteria_Burkholderiales_Burkholderiaceae_Paraburkholderia_BLAST,5
WP_179746162_Proteobacteria_Betaproteobacteria_Burkholderiales_Burkholderiaceae_Paraburkholderia_BLAST,5
WP_124452740_Proteobacteria_Betaproteobacteria_Burkholderiales_Burkholderiaceae_Burkholderia_BLAST,5
WP_039321274_Proteobacteria_Betaproteobacteria_Burkholderiales_Burkholderiaceae_Burkholderia_BLAST,5
WP_006759583_Proteobacteria_Betaproteobacteria_Burkholderiales_Burkholderiaceae_Burkholderia_BLAST,5
WP_175764049_Proteobacteria_Betaproteobacteria_Burkholderiales_Burkholderiaceae_Burkholderia_BLAST,5
WP_006753568_Proteobacteria_Betaproteobacteria_Burkholderiales_Burkholderiaceae_Burkholderia_BLAST,5
WP_175672999_Proteobacteria_Betaproteobacteria_Burkholderiales_Burkholderiaceae_Burkholderia_BLAST,5
WP_175675855_Proteobacteria_Betaproteobacteria_Burkholderiales_Burkholderiaceae_Burkholderia_BLAST,5
WP_012371946_Proteobacteria_Betaproteobacteria_Burkholderiales_Burkholderiaceae_Burkholderia_BLAST,5
WP_175756731_Proteobacteria_Betaproteobacteria_Burkholderiales_Burkholderiaceae_Burkholderia_BLAST,5
WP_175708327_Proteobacteria_Betaproteobacteria_Burkholderiales_Burkholderiaceae_Burkholderia_BLAST,5
WP_165754083_Proteobacteria_Betaproteobacteria_Burkholderiales_Burkholderiaceae_Burkholderia_BLAST,5
WP_124499070_Unknown_Unknown_Unknown_Unknown_unclassified_BLAST,5
WP_124665197_Proteobacteria_Betaproteobacteria_Burkholderiales_Burkholderiaceae_Burkholderia_BLAST,5
WP_124611908_Proteobacteria_Betaproteobacteria_Burkholderiales_Burkholderiaceae_Burkholderia_BLAST,5
WP_059595941_Proteobacteria_Betaproteobacteria_Burkholderiales_Burkholderiaceae_Burkholderia_BLAST,5
WP_059651490_Proteobacteria_Betaproteobacteria_Burkholderiales_Burkholderiaceae_Burkholderia_BLAST,5
WP_059749222_Proteobacteria_Betaproteobacteria_Burkholderiales_Burkholderiaceae_Burkholderia_BLAST,5
WP_060136801_Proteobacteria_Betaproteobacteria_Burkholderiales_Burkholderiaceae_Burkholderia_BLAST,5
WP_076479796_Proteobacteria_Betaproteobacteria_Burkholderiales_Burkholderiaceae_Burkholderia_BLAST,5
WP_116135253_Proteobacteria_Betaproteobacteria_Burkholderiales_Burkholderiaceae_Paraburkholderia_BLAST,5
CCA86491_Proteobacteria_Betaproteobacteria_Burkholderiales_Burkholderiaceae_Ralstonia_BLAST,5
WP_075464144_Proteobacteria_Betaproteobacteria_Burkholderiales_Burkholderiaceae_Ralstonia_BLAST,5
WP_013212440_Proteobacteria_Betaproteobacteria_Burkholderiales_Burkholderiaceae_Ralstonia_BLAST,5
WP_118883125_Proteobacteria_Betaproteobacteria_Burkholderiales_Burkholderiaceae_Ralstonia_BLAST,5
WP_124982977_Proteobacteria_Betaproteobacteria_Burkholderiales_Burkholderiaceae_Ralstonia_BLAST,5
WP_055325719_Proteobacteria_Betaproteobacteria_Burkholderiales_Burkholderiaceae_Ralstonia_BLAST,5
WP_014616985_Proteobacteria_Betaproteobacteria_Burkholderiales_Burkholderiaceae_Ralstonia_BLAST,5
WP_003267827_Proteobacteria_Betaproteobacteria_Burkholderiales_Burkholderiaceae_Ralstonia_BLAST,5
WP_119446631_Proteobacteria_Betaproteobacteria_Burkholderiales_Burkholderiaceae_Ralstonia_BLAST,5
WP_075455563_Proteobacteria_Betaproteobacteria_Burkholderiales_Burkholderiaceae_Ralstonia_BLAST,5
WP_184849990_Proteobacteria_Betaproteobacteria_Burkholderiales_Burkholderiaceae_Ralstonia_BLAST,5
WP_042550112_Proteobacteria_Betaproteobacteria_Burkholderiales_Burkholderiaceae_Ralstonia_BLAST,5
WP_049279483_Proteobacteria_Betaproteobacteria_Burkholderiales_Burkholderiaceae_Ralstonia_BLAST,5
WP_049279555_Proteobacteria_Betaproteobacteria_Burkholderiales_Burkholderiaceae_Ralstonia_BLAST,5
WP_013205939_Proteobacteria_Betaproteobacteria_Burkholderiales_Burkholderiaceae_Ralstonia_BLAST,5
WP_120453575_Proteobacteria_Betaproteobacteria_Burkholderiales_Burkholderiaceae_Ralstonia_BLAST,5
WP_011001666_Proteobacteria_Betaproteobacteria_Burkholderiales_Burkholderiaceae_Ralstonia_PFAM,5
WP_064477837_Proteobacteria_Betaproteobacteria_Burkholderiales_Burkholderiaceae_Ralstonia_BLAST,5
WP_020832075_Proteobacteria_Betaproteobacteria_Burkholderiales_Burkholderiaceae_Ralstonia_BLAST,5
WP_165591365_Proteobacteria_Betaproteobacteria_Burkholderiales_Burkholderiaceae_Ralstonia_BLAST,5
WP_071015124_Proteobacteria_Betaproteobacteria_Burkholderiales_Burkholderiaceae_Ralstonia_BLAST,5
WP_104070575_Proteobacteria_Betaproteobacteria_Burkholderiales_Burkholderiaceae_Ralstonia_BLAST,5
WP_064049397_Proteobacteria_Betaproteobacteria_Burkholderiales_Burkholderiaceae_Ralstonia_BLAST,5
WP_020748530_Proteobacteria_Betaproteobacteria_Burkholderiales_Burkholderiaceae_Ralstonia_BLAST,5
WP_193025454_Proteobacteria_Betaproteobacteria_Burkholderiales_Burkholderiaceae_Ralstonia_BLAST,5
WP_193034507_Proteobacteria_Betaproteobacteria_Burkholderiales_Burkholderiaceae_Ralstonia_BLAST,5
WP_088241117_Cyanobacteria_Unknown_Nostocales_Rivulariaceae_Calothrix_BLAST,5
WP_186923420_Proteobacteria_Betaproteobacteria_Burkholderiales_Oxalobacteraceae_Undibacterium_BLAST,5
WP_110256024_Proteobacteria_Betaproteobacteria_Burkholderiales_Oxalobacteraceae_Undibacterium_BLAST,5
BBB62971_Proteobacteria_Betaproteobacteria_Burkholderiales_Oxalobacteraceae_Undibacterium_BLAST,5
WP_162060725_Proteobacteria_Betaproteobacteria_Burkholderiales_Oxalobacteraceae_Undibacterium_BLAST,5
BBB68918_Proteobacteria_Betaproteobacteria_Burkholderiales_Oxalobacteraceae_Undibacterium_BLAST,5
WP_162043268_Proteobacteria_Betaproteobacteria_Burkholderiales_Oxalobacteraceae_Undibacterium_BLAST,5
WP_170034415_Unknown_Unknown_Unknown_Unknown_Longimicrobium_BLAST,5
WP_115693106_Proteobacteria_Alphaproteobacteria_Rhizobiales_Xanthobacteraceae_Pseudolabrys_BLAST,5
PWB65096_Unknown_Unknown_Unknown_Unknown_Bradyrhizobiaceae_BLAST,5
KJC59540_Proteobacteria_Alphaproteobacteria_Rhizobiales_Bradyrhizobiaceae_Bradyrhizobium_BLAST,5
KJC36195_Proteobacteria_Alphaproteobacteria_Rhizobiales_Bradyrhizobiaceae_Bradyrhizobium_BLAST,5
WP_052833272_Proteobacteria_Alphaproteobacteria_Rhizobiales_Bradyrhizobiaceae_Bradyrhizobium_BLAST,5
WP_082128193_Proteobacteria_Alphaproteobacteria_Rhizobiales_Phyllobacteriaceae_Hoeflea_BLAST,5
WP_171904900_Proteobacteria_Alphaproteobacteria_Rhizobiales_Phyllobacteriaceae_Hoeflea_BLAST,5
WP_066279533_Unknown_Unknown_Unknown_Unknown_Proteobacteria_BLAST,5
WP_181266657_Proteobacteria_Alphaproteobacteria_Sphingomonadales_Sphingomonadaceae_Sphingomonas_BLAST,5
WP_188762670_Proteobacteria_Alphaproteobacteria_Sphingomonadales_Sphingomonadaceae_Polymorphobacter_BLAST,5
WP_184167552_Proteobacteria_Alphaproteobacteria_Sphingomonadales_Sphingomonadaceae_Sphingomonas_BLAST,5
WP_152616399_Proteobacteria_Alphaproteobacteria_Sphingomonadales_Sphingomonadaceae_Sphingomonas_BLAST,5
WP_187760768_Proteobacteria_Alphaproteobacteria_Sphingomonadales_Sphingomonadaceae_Sphingomonas_BLAST,5
WP_193747446_Proteobacteria_Alphaproteobacteria_Rhodobacterales_Rhodobacteraceae_Ruegeria_BLAST,5
WP_133270597_Bacteroidetes_Chitinophagia_Chitinophagales_Chitinophagaceae_Segetibacter_BLAST,5
WP_103068160_Bacteroidetes_Flavobacteriia_Flavobacteriales_Flavobacteriaceae_Aquimarina_BLAST,5
WP_046757912_Bacteroidetes_Flavobacteriia_Flavobacteriales_Flavobacteriaceae_Kordia_BLAST,5
WP_144914499_Bacteroidetes_Sphingobacteriia_Sphingobacteriales_Sphingobacteriaceae_Mucilaginibacter_BLAST,5
KIC03499_Bacteroidetes_Flavobacteriia_Flavobacteriales_Flavobacteriaceae_Flavobacterium_BLAST,5
WP_039111774_Bacteroidetes_Flavobacteriia_Flavobacteriales_Flavobacteriaceae_Flavobacterium_PFAM,5
WP_173967199_Bacteroidetes_Flavobacteriia_Flavobacteriales_Flavobacteriaceae_Flavobacterium_BLAST,5
WP_070907924_Bacteroidetes_Flavobacteriia_Flavobacteriales_Flavobacteriaceae_Flavobacterium_BLAST,5
WP_017495079_Bacteroidetes_Flavobacteriia_Flavobacteriales_Flavobacteriaceae_Flavobacterium_BLAST,5
WP_089077659_Bacteroidetes_Flavobacteriia_Flavobacteriales_Flavobacteriaceae_Flavobacterium_BLAST,5
WP_129539819_Bacteroidetes_Flavobacteriia_Flavobacteriales_Flavobacteriaceae_Flavobacterium_BLAST,5
WP_035619696_Bacteroidetes_Flavobacteriia_Flavobacteriales_Flavobacteriaceae_Flavobacterium_BLAST,5
WP_073395702_Bacteroidetes_Flavobacteriia_Flavobacteriales_Flavobacteriaceae_Flavobacterium_BLAST,5
WP_031455626_Bacteroidetes_Flavobacteriia_Flavobacteriales_Flavobacteriaceae_Flavobacterium_BLAST,5
WP_110305545_Bacteroidetes_Flavobacteriia_Flavobacteriales_Flavobacteriaceae_Flavobacterium_BLAST,5
WP_064716224_Bacteroidetes_Flavobacteriia_Flavobacteriales_Flavobacteriaceae_Flavobacterium_PFAM,5
WP_024981470_Bacteroidetes_Flavobacteriia_Flavobacteriales_Flavobacteriaceae_Flavobacterium_BLAST,5
WP_139363437_Bacteroidetes_Flavobacteriia_Flavobacteriales_Flavobacteriaceae_Flavobacterium_BLAST,5
WP_089351963_Bacteroidetes_Flavobacteriia_Flavobacteriales_Flavobacteriaceae_Flavobacterium_BLAST,5
WP_135222773_Bacteroidetes_Flavobacteriia_Flavobacteriales_Flavobacteriaceae_Flavobacterium_BLAST,5
WP_073486763_Unknown_Unknown_Unknown_Unknown_unclassified_BLAST,5
TVQ96395_Unknown_Unknown_Unknown_Unknown_Deltaproteobacteria_BLAST,0
TVQ94564_Unknown_Unknown_Unknown_Unknown_Deltaproteobacteria_BLAST,0
RDV36366_Unknown_Unknown_Unknown_Unknown_Bradymonadaceae_BLAST,0
RVU41464_Unknown_Unknown_Unknown_Unknown_Lujinxingia_BLAST,0
WP_164856398_Unknown_Unknown_Unknown_Unknown_Lujinxingia_BLAST,0
WP_158542553_Unknown_Unknown_Unknown_Unknown_Lujinxingia_BLAST,0
RAL21756_Unknown_Unknown_Unknown_Unknown_Lujinxingia_BLAST,0
TXD33949_Unknown_Unknown_Unknown_Unknown_Bradymonadales_BLAST,0
TXD40685_Unknown_Unknown_Unknown_Unknown_Bradymonadales_BLAST,0
TNE46051_Unknown_Unknown_Unknown_Unknown_Deltaproteobacteria_BLAST,0
WP_015929579_Proteobacteria_Alphaproteobacteria_Rhizobiales_Methylobacteriaceae_Methylobacterium_characterized,9
WP_142021098_Proteobacteria_Alphaproteobacteria_Rhizobiales_Bradyrhizobiaceae_Bosea_BLAST,9
WP_068184797_Proteobacteria_Alphaproteobacteria_Rhizobiales_Chelatococcaceae_Chelatococcus_characterized,9
WP_013652855_Proteobacteria_Alphaproteobacteria_No_order_No_family_Polymorphum_characterized,9
WP_095080450_Proteobacteria_Alphaproteobacteria_Rhizobiales_Phyllobacteriaceae_Mesorhizobium_MesX,9
WP_184871785_Proteobacteria_Alphaproteobacteria_Rhizobiales_Phyllobacteriaceae_Mesorhizobium_BLAST,9
WP_111548010_Proteobacteria_Alphaproteobacteria_Rhizobiales_Phyllobacteriaceae_Mesorhizobium_BLAST,9
EDM77524_Proteobacteria_Deltaproteobacteria_Myxococcales_Nannocystaceae_Plesiocystis_BLAST,10
WP_157595810_Proteobacteria_Deltaproteobacteria_Myxococcales_Nannocystaceae_Plesiocystis_BLAST,10
TAK30379_Unknown_Unknown_Unknown_Unknown_Myxococcaceae_BLAST,10
WP_125783139_Proteobacteria_Gammaproteobacteria_Alteromonadales_Pseudoalteromonadaceae_Pseudoalteromonas_BLAST,10
WP_130254897_Proteobacteria_Gammaproteobacteria_Alteromonadales_Pseudoalteromonadaceae_Pseudoalteromonas_BLAST,10
WP_023400924_Proteobacteria_Gammaproteobacteria_Alteromonadales_Pseudoalteromonadaceae_Pseudoalteromonas_BLAST,10
WP_010383055_Proteobacteria_Gammaproteobacteria_Alteromonadales_Pseudoalteromonadaceae_Pseudoalteromonas_characterized,10
WP_049863842_Proteobacteria_Gammaproteobacteria_Alteromonadales_Pseudoalteromonadaceae_Pseudoalteromonas_BLAST,10
WP_058797274_Proteobacteria_Gammaproteobacteria_Alteromonadales_Pseudoalteromonadaceae_Pseudoalteromonas_BLAST,10
WP_054014533_Proteobacteria_Gammaproteobacteria_Alteromonadales_Pseudoalteromonadaceae_Pseudoalteromonas_BLAST,10
WP_138543999_Proteobacteria_Gammaproteobacteria_Alteromonadales_Pseudoalteromonadaceae_Pseudoalteromonas_BLAST,10
WP_138550465_Proteobacteria_Gammaproteobacteria_Alteromonadales_Pseudoalteromonadaceae_Pseudoalteromonas_BLAST,10
WP_138561483_Proteobacteria_Gammaproteobacteria_Alteromonadales_Pseudoalteromonadaceae_Pseudoalteromonas_BLAST,10
WP_010607032_Proteobacteria_Gammaproteobacteria_Alteromonadales_Pseudoalteromonadaceae_Pseudoalteromonas_characterized,10
WP_138561493_Proteobacteria_Gammaproteobacteria_Alteromonadales_Pseudoalteromonadaceae_Pseudoalteromonas_BLAST,10
WP_102057809_Proteobacteria_Gammaproteobacteria_Alteromonadales_Pseudoalteromonadaceae_Pseudoalteromonas_BLAST,10
AUJ71755_Proteobacteria_Gammaproteobacteria_Alteromonadales_Pseudoalteromonadaceae_Pseudoalteromonas_BLAST,10
ASD68799_Proteobacteria_Gammaproteobacteria_Alteromonadales_Pseudoalteromonadaceae_Pseudoalteromonas_PspX2,10
WP_100215558_Proteobacteria_Gammaproteobacteria_Alteromonadales_Pseudoalteromonadaceae_Pseudoalteromonas_characterized,10
WP_166838276_Proteobacteria_Gammaproteobacteria_Chromatiales_Chromatiaceae_Rheinheimera_BLAST,10
WP_134053402_Proteobacteria_Gammaproteobacteria_Chromatiales_Chromatiaceae_Rheinheimera_characterized,10
WP_095987964_Proteobacteria_Deltaproteobacteria_Myxococcales_Archangiaceae_Cystobacter_characterized,8
WP_002626129_Proteobacteria_Deltaproteobacteria_Myxococcales_Archangiaceae_Cystobacter_BLAST,8
WP_071901912_Proteobacteria_Deltaproteobacteria_Myxococcales_Archangiaceae_Cystobacter_BLAST,8
WP_002626537_Proteobacteria_Deltaproteobacteria_Myxococcales_Archangiaceae_Cystobacter_BLAST,8
WP_095990905_Proteobacteria_Deltaproteobacteria_Myxococcales_Archangiaceae_Cystobacter_characterized,8
WP_095976930_Proteobacteria_Deltaproteobacteria_Myxococcales_Archangiaceae_Melittangium_BLAST,8
AKI98566_Proteobacteria_Deltaproteobacteria_Myxococcales_Archangiaceae_Archangium_BLAST,8
WP_047853894_Proteobacteria_Deltaproteobacteria_Myxococcales_Archangiaceae_Archangium_BLAST,8
WP_043393704_Proteobacteria_Deltaproteobacteria_Myxococcales_Archangiaceae_Archangium_BLAST,8
WP_073565259_Proteobacteria_Deltaproteobacteria_Myxococcales_Archangiaceae_Archangium_BLAST,8
WP_047858470_Proteobacteria_Deltaproteobacteria_Myxococcales_Archangiaceae_Archangium_BLAST,8
WP_043389434_Proteobacteria_Deltaproteobacteria_Myxococcales_Archangiaceae_Archangium_BLAST,8
WP_073562394_Proteobacteria_Deltaproteobacteria_Myxococcales_Archangiaceae_Archangium_BLAST,8
WP_166275667_Cyanobacteria_Unknown_Synechococcales_Merismopediaceae_Aphanocapsa_BLAST,0
WP_012628459_Cyanobacteria_Unknown_Oscillatoriales_Cyanothecaceae_Cyanothece_BLAST,0
WP_096599344_Cyanobacteria_Unknown_Nostocales_Rivulariaceae_Calothrix_BLAST,4
AVH79484_Unknown_Unknown_Unknown_Unknown__BLAST,4
WP_127078528_Cyanobacteria_Unknown_Nostocales_Rivulariaceae_Calothrix_BLAST,4
WP_017651500_Cyanobacteria_Unknown_Nostocales_Fortieaceae_Fortiea_BLAST,4
WP_069069865_Cyanobacteria_Unknown_Nostocales_Nostocaceae_Nostoc_BLAST,4
WP_181931139_Cyanobacteria_Unknown_Nostocales_Nostocaceae_Nostoc_BLAST,4
AVH79587_Cyanobacteria_Unknown_Nostocales_Nostocaceae_Nostoc_BLAST,4
WP_152591944_Cyanobacteria_Unknown_Nostocales_Nostocaceae_Nostoc_BLAST,4
WP_094348829_Cyanobacteria_Unknown_Nostocales_Nostocaceae_Nostoc_BLAST,4
WP_099100077_Cyanobacteria_Unknown_Nostocales_Nostocaceae_Nostoc_BLAST,4
RCJ37759_Cyanobacteria_Unknown_Nostocales_Nostocaceae_Nostoc_BLAST,4
WP_038090379_Cyanobacteria_Unknown_Nostocales_Tolypothrichaceae_Tolypothrix_BLAST,4
WP_017748600_Cyanobacteria_Unknown_Nostocales_Scytonemataceae_Scytonema_BLAST,4
WP_155751388_Cyanobacteria_Unknown_Nostocales_Scytonemataceae_Scytonema_BLAST,4
WP_096621674_Cyanobacteria_Unknown_Nostocales_Rivulariaceae_Calothrix_BLAST,4
BAZ40667_Cyanobacteria_Unknown_Nostocales_Rivulariaceae_Calothrix_BLAST,4
WP_096727710_Cyanobacteria_Unknown_Nostocales_Nostocaceae_Nostoc_BLAST,4
WP_190619598_Cyanobacteria_Unknown_Nostocales_Rivulariaceae_Calothrix_BLAST,4
WP_190583381_Cyanobacteria_Unknown_Nostocales_Rivulariaceae_Calothrix_BLAST,4
WP_190658013_Cyanobacteria_Unknown_Nostocales_Nostocaceae_Nostoc_BLAST,4
AVH79503_Cyanobacteria_Unknown_Nostocales_Tolypothrichaceae_Tolypothrix_BLAST,4
WP_190635934_Unknown_Unknown_Unknown_Unknown_unclassified_BLAST,4
WP_190671465_Cyanobacteria_Unknown_Nostocales_Nostocaceae_Nostoc_BLAST,4
WP_190593123_Unknown_Unknown_Unknown_Unknown_Nostocaceae_BLAST,4
WP_190872417_Cyanobacteria_Unknown_Nostocales_Fortieaceae_Aulosira_BLAST,4
WP_155749681_Cyanobacteria_Unknown_Nostocales_Scytonemataceae_Scytonema_BLAST,4
WP_010996190_Unknown_Unknown_Unknown_Unknown_Nostocaceae_BLAST,4
WP_185585811_Unknown_Unknown_Unknown_Unknown_unclassified_BLAST,4
WP_179076315_Cyanobacteria_Unknown_Nostocales_Nostocaceae_Nostoc_BLAST,4
WP_190964251_Unknown_Unknown_Unknown_Unknown_Desmonostoc_BLAST,4
WP_041039590_Cyanobacteria_Unknown_Nostocales_Tolypothrichaceae_Tolypothrix_BLAST,4
WP_169218713_Unknown_Unknown_Unknown_Unknown_Brasilonema_BLAST,4
AVH79705_Cyanobacteria_Unknown_Nostocales_Scytonemataceae_Scytonema_BLAST,4
WP_017740073_Cyanobacteria_Unknown_Nostocales_Scytonemataceae_Scytonema_BLAST,4
WP_019503880_Cyanobacteria_No_class_Pleurocapsales_Hyellaceae_Pleurocapsa_characterized,4
WP_190445384_Unknown_Unknown_Unknown_Unknown_Trichocoleus_BLAST,4
WP_190728978_Cyanobacteria_Unknown_Nostocales_Nostocaceae_Nostoc_BLAST,4
WP_046277258_Cyanobacteria_Unknown_Oscillatoriales_Oscillatoriaceae_Limnoraphis_BLAST,4
WP_190499392_Cyanobacteria_Unknown_Oscillatoriales_Oscillatoriaceae_Phormidium_BLAST,4
PZV20510_Cyanobacteria_Unknown_Synechococcales_Leptolyngbyaceae_Leptolyngbya_BLAST,4
WP_073599638_Cyanobacteria_Unknown_Pleurocapsales_Hydrococcaceae_Hydrococcus_BLAST,4
WP_015143117_Cyanobacteria_No_class_Pleurocapsales_Hyellaceae_Pleurocapsa_PcpX,4
WP_144867917_Unknown_Unknown_Unknown_Unknown_Hyella_BLAST,4
WP_094675667_Cyanobacteria_Unknown_Oscillatoriales_Microcoleaceae_Hydrocoleum_BLAST,4
WP_070390932_Cyanobacteria_Unknown_Oscillatoriales_Oscillatoriaceae_Moorea_BLAST,4
WP_143727428_Cyanobacteria_Unknown_Oscillatoriales_Oscillatoriaceae_Moorea_BLAST,4
WP_169216951_Unknown_Unknown_Unknown_Unknown_Brasilonema_BLAST,4
WP_169155308_Unknown_Unknown_Unknown_Unknown_Brasilonema_BLAST,4
WP_169263400_Unknown_Unknown_Unknown_Unknown_Brasilonema_BLAST,4
WP_171976749_Unknown_Unknown_Unknown_Unknown_Brasilonema_BLAST,4
WP_048866599_Cyanobacteria_Unknown_Nostocales_Scytonemataceae_Scytonema_BLAST,4
WP_190830666_Unknown_Unknown_Unknown_Unknown_Iningainema_BLAST,4
WP_190688137_Cyanobacteria_Unknown_Nostocales_Nostocaceae_Nostoc_BLAST,4
WP_179048021_Cyanobacteria_Unknown_Nostocales_Nostocaceae_Nostoc_BLAST,4
WP_185587416_Unknown_Unknown_Unknown_Unknown_unclassified_BLAST,4
AVH79582_Cyanobacteria_Unknown_Nostocales_Nostocaceae_Nostoc_BLAST,4
AVH79615_Cyanobacteria_Unknown_Nostocales_Nostocaceae_Nostoc_BLAST,4
WP_067771526_Cyanobacteria_Unknown_Nostocales_Nostocaceae_Nostoc_BLAST,4
WP_096679525_Cyanobacteria_Unknown_Nostocales_Nostocaceae_Nostoc_BLAST,4
WP_103138323_Cyanobacteria_Unknown_Nostocales_Nostocaceae_Nostoc_BLAST,4
WP_190709233_Unknown_Unknown_Unknown_Unknown_unclassified_BLAST,4
AVH79633_Cyanobacteria_Unknown_Nostocales_Nostocaceae_Nostoc_BLAST,4
AVH79665_Unknown_Unknown_Unknown_Unknown_Desmonostoc_BLAST,4
RCJ20371_Cyanobacteria_Unknown_Nostocales_Nostocaceae_Nostoc_BLAST,4
WP_015139402_Cyanobacteria_Unknown_Nostocales_Nostocaceae_Nostoc_BLAST,4
WP_096553754_Cyanobacteria_Unknown_Nostocales_Nostocaceae_Nostoc_BLAST,4
WP_107805797_Cyanobacteria_Unknown_Nostocales_Aphanizomenonaceae_Nodularia_BLAST,4
OBQ29605_Cyanobacteria_Unknown_Nostocales_Aphanizomenonaceae_Aphanizomenon_BLAST,4
OBQ03580_Cyanobacteria_Unknown_Nostocales_Nostocaceae_Anabaena_BLAST,4
WP_190383273_Cyanobacteria_Unknown_Nostocales_Aphanizomenonaceae_Aphanizomenon_BLAST,4
WP_015078323_Cyanobacteria_Unknown_Nostocales_Nostocaceae_Anabaena_BLAST,4
WP_053540800_Cyanobacteria_Unknown_Nostocales_Nostocaceae_Anabaena_BLAST,4
WP_190393702_Cyanobacteria_Unknown_Nostocales_Aphanizomenonaceae_Dolichospermum_BLAST,4
WP_137906279_Cyanobacteria_Unknown_Nostocales_Aphanizomenonaceae_Dolichospermum_BLAST,4
WP_190371503_Cyanobacteria_Unknown_Nostocales_Nostocaceae_Anabaena_BLAST,4
WP_190396993_Cyanobacteria_Unknown_Nostocales_Nostocaceae_Anabaena_BLAST,4
WP_190604122_Cyanobacteria_Unknown_Nostocales_Nostocaceae_Richelia_BLAST,4
WP_015216090_Cyanobacteria_Unknown_Nostocales_Nostocaceae_Anabaena_BLAST,4
WP_168643402_Cyanobacteria_Unknown_Nostocales_Aphanizomenonaceae_Dolichospermum_BLAST,4
WP_012409790_Cyanobacteria_Unknown_Nostocales_Nostocaceae_Nostoc_BLAST,4
WP_109012150_Cyanobacteria_Unknown_Nostocales_Nostocaceae_Nostoc_BLAST,4
WP_118161654_Cyanobacteria_Unknown_Nostocales_Nostocaceae_Nostoc_BLAST,4
WP_069070971_Cyanobacteria_Unknown_Nostocales_Nostocaceae_Nostoc_BLAST,4
AVH79601_Cyanobacteria_Unknown_Nostocales_Nostocaceae_Nostoc_BLAST,4
WP_181932337_Cyanobacteria_Unknown_Nostocales_Nostocaceae_Nostoc_BLAST,4
WP_179066976_Cyanobacteria_Unknown_Nostocales_Nostocaceae_Nostoc_BLAST,4
WP_167721197_Cyanobacteria_Unknown_Nostocales_Tolypothrichaceae_Tolypothrix_BLAST,4
WP_138506959_Cyanobacteria_Unknown_Nostocales_Nostocaceae_Nostoc_BLAST,4
WP_174708626_Cyanobacteria_Unknown_Nostocales_Nostocaceae_Nostoc_BLAST,4
BAY09979_Cyanobacteria_Unknown_Nostocales_Rivulariaceae_Calothrix_BLAST,4
WP_096589592_Cyanobacteria_Unknown_Nostocales_Rivulariaceae_Calothrix_BLAST,4
WP_086760942_Cyanobacteria_Unknown_Nostocales_Nostocaceae_Nostoc_BLAST,4
WP_086834628_Cyanobacteria_Unknown_Nostocales_Nostocaceae_Nostoc_BLAST,4
WP_190622239_Cyanobacteria_Unknown_Nostocales_Rivulariaceae_Calothrix_BLAST,4
WP_190546572_Cyanobacteria_Unknown_Nostocales_Rivulariaceae_Calothrix_BLAST,4
WP_190749961_Cyanobacteria_Unknown_Nostocales_Tolypothrichaceae_Tolypothrix_BLAST,4
WP_089092091_Cyanobacteria_Unknown_Nostocales_Aphanizomenonaceae_Nodularia_BLAST,4
TVP63786_Cyanobacteria_Unknown_Nostocales_Aphanizomenonaceae_Nodularia_BLAST,4
AVH79563_Cyanobacteria_Unknown_Nostocales_Nostocaceae_Nostoc_BLAST,4
AVH79556_Unknown_Unknown_Unknown_Unknown_Stigonema_BLAST,4
WP_066424366_Cyanobacteria_Unknown_Nostocales_Nostocaceae_Anabaena_BLAST,4
WP_012597839_Cyanobacteria_Unknown_Chroococcales_Aphanothecaceae_Gloeothece_BLAST,4
WP_124970197_Cyanobacteria_Unknown_Chroococcales_Aphanothecaceae_Aphanothece_BLAST,4
AVH79522_Cyanobacteria_Unknown_Synechococcales_Synechococcaceae_Synechococcus_BLAST,4
WP_008273927_Cyanobacteria_Unknown_Chroococcales_Aphanothecaceae_Crocosphaera_BLAST,4
WP_107668004_Cyanobacteria_Unknown_Oscillatoriales_Cyanothecaceae_Cyanothece_BLAST,4
WP_012595956_Cyanobacteria_Unknown_Chroococcales_Aphanothecaceae_Rippkaea_BLAST,4
WP_015784682_Cyanobacteria_Unknown_Chroococcales_Aphanothecaceae_Rippkaea_BLAST,4
AVH79646_Cyanobacteria_Unknown_Nostocales_Nostocaceae_Nostoc_BLAST,4
TRV09216_Cyanobacteria_Unknown_Chroococcales_Microcystaceae_Microcystis_BLAST,4
WP_158198716_Cyanobacteria_Unknown_Chroococcales_Microcystaceae_Microcystis_BLAST,4
AVH79685_Cyanobacteria_Unknown_Chroococcales_Microcystaceae_Microcystis_BLAST,4
TRT83686_Cyanobacteria_Unknown_Chroococcales_Microcystaceae_Microcystis_BLAST,4
TRU85126_Cyanobacteria_Unknown_Chroococcales_Microcystaceae_Microcystis_BLAST,4
TRU70953_Cyanobacteria_Unknown_Chroococcales_Microcystaceae_Microcystis_BLAST,4
WP_149987412_Cyanobacteria_Unknown_Chroococcales_Microcystaceae_Microcystis_BLAST,4
AVH79674_Cyanobacteria_Unknown_Chroococcales_Microcystaceae_Microcystis_BLAST,4
TRT60572_Cyanobacteria_Unknown_Chroococcales_Microcystaceae_Microcystis_BLAST,4
REJ39280_Cyanobacteria_Unknown_Chroococcales_Microcystaceae_Microcystis_BLAST,4
WP_190356734_Cyanobacteria_Unknown_Chroococcales_Microcystaceae_Microcystis_BLAST,4
WP_104395453_Cyanobacteria_Unknown_Chroococcales_Microcystaceae_Microcystis_BLAST,4
WP_149976194_Cyanobacteria_Unknown_Chroococcales_Microcystaceae_Microcystis_BLAST,4
WP_147070052_Cyanobacteria_Unknown_Chroococcales_Microcystaceae_Microcystis_BLAST,4
TRT84557_Cyanobacteria_Unknown_Chroococcales_Microcystaceae_Microcystis_BLAST,4
WP_045358587_Cyanobacteria_Unknown_Chroococcales_Microcystaceae_Microcystis_BLAST,4
AKV70447_Cyanobacteria_Unknown_Chroococcales_Microcystaceae_Microcystis_BLAST,4
WP_002768129_Cyanobacteria_Unknown_Chroococcales_Microcystaceae_Microcystis_BLAST,4
TRT76599_Cyanobacteria_Unknown_Chroococcales_Microcystaceae_Microcystis_BLAST,4
AVH79679_Cyanobacteria_Unknown_Chroococcales_Microcystaceae_Microcystis_BLAST,4
WP_151695515_Cyanobacteria_Unknown_Chroococcales_Microcystaceae_Microcystis_BLAST,4
WP_110580163_Cyanobacteria_Unknown_Chroococcales_Microcystaceae_Microcystis_BLAST,4
WP_042892992_Proteobacteria_Alphaproteobacteria_Rickettsiales_Anaplasmataceae_Anaplasma_BLAST,4
WP_019501033_Cyanobacteria_Unknown_Synechococcales_Pseudanabaenaceae_Pseudanabaena_BLAST,0
TNE44299_Unknown_Unknown_Unknown_Unknown_Deltaproteobacteria_BLAST,0
WP_002708735_Proteobacteria_Gammaproteobacteria_Thiotrichales_Thiotrichaceae_Thiothrix_characterized,0
PIE01371_Proteobacteria_Gammaproteobacteria_Thiotrichales_Thiotrichaceae_Thiothrix_BLAST,0
WP_020559451_Proteobacteria_Gammaproteobacteria_Thiotrichales_Thiofilaceae_Thiofilum_BLAST,0
WP_093067676_Proteobacteria_Gammaproteobacteria_Thiotrichales_Thiotrichaceae_Thiothrix_BLAST,0
QLQ34213_Proteobacteria_Gammaproteobacteria_Thiotrichales_Thiotrichaceae_Thiothrix_BLAST,0
PID49182_Unknown_Unknown_Unknown_Unknown_Proteobacteria_BLAST,0
TXH66442_Proteobacteria_Gammaproteobacteria_Thiotrichales_Thiotrichaceae_Thiothrix_BLAST,0
WP_078922327_Proteobacteria_Gammaproteobacteria_Thiotrichales_Thiotrichaceae_Thiothrix_BLAST,0
TXH61024_Proteobacteria_Gammaproteobacteria_Thiotrichales_Thiotrichaceae_Thiothrix_BLAST,0
WP_055751175_Actinobacteria_Actinobacteria_Frankiales_Frankiaceae_Frankia_BLAST,2
WP_011604154_Actinobacteria_Actinobacteria_Frankiales_Frankiaceae_Frankia_characterized,2
WP_044888631_Actinobacteria_Actinobacteria_Frankiales_Frankiaceae_Frankia_BLAST,2
WP_055410774_Unknown_Unknown_Unknown_Unknown_unclassified_BLAST,2
KJE19492_Actinobacteria_Actinobacteria_Frankiales_Frankiaceae_Frankia_BLAST,2
KQM01938_Actinobacteria_Actinobacteria_Frankiales_Frankiaceae_Frankia_BLAST,2
SNQ49294_Actinobacteria_Actinobacteria_Frankiales_Frankiaceae_Frankia_BLAST,2
WP_101832817_Actinobacteria_Actinobacteria_Frankiales_Frankiaceae_Frankia_BLAST,2
WP_013427733_Actinobacteria_Actinobacteria_Frankiales_Frankiaceae_Frankia_BLAST,2
WP_007512442_Actinobacteria_Actinobacteria_Frankiales_Frankiaceae_Frankia_BLAST,2
WP_076819073_Actinobacteria_Actinobacteria_Frankiales_Frankiaceae_Frankia_BLAST,2
WP_170192256_Actinobacteria_Actinobacteria_Corynebacteriales_Gordoniaceae_Gordonia_BLAST,2
BBZ46164_Actinobacteria_Actinobacteria_Corynebacteriales_Mycobacteriaceae_Mycobacterium_BLAST,2
WP_085271054_Actinobacteria_Actinobacteria_Corynebacteriales_Mycobacteriaceae_Mycobacterium_BLAST,2
ORW52044_Actinobacteria_Actinobacteria_Corynebacteriales_Mycobacteriaceae_Mycobacterium_BLAST,2
WP_089406887_Acidobacteria_Acidobacteriia_Acidobacteriales_Acidobacteriaceae_Granulicella_BLAST,2
TAK18669_Unknown_Unknown_Unknown_Unknown_Myxococcaceae_BLAST,0
TAK18667_Unknown_Unknown_Unknown_Unknown_Myxococcaceae_BLAST,0
WP_006969608_Proteobacteria_Deltaproteobacteria_Myxococcales_Nannocystaceae_Plesiocystis_PFAM,0
WP_052559162_Proteobacteria_Deltaproteobacteria_Myxococcales_No_family_Enhygromyxa_BLAST,0
WP_106094719_Proteobacteria_Deltaproteobacteria_Myxococcales_No_family_Enhygromyxa_BLAST,0
WP_136927540_Proteobacteria_Deltaproteobacteria_Myxococcales_Polyangiaceae_Polyangium_BLAST,0
RYE82303_Unknown_Unknown_Unknown_Unknown_Myxococcales_BLAST,0
PZN17789_Unknown_Unknown_Unknown_Unknown_Proteobacteria_BLAST,0
PZN23790_Unknown_Unknown_Unknown_Unknown_Proteobacteria_BLAST,0
RYZ08153_Unknown_Unknown_Unknown_Unknown_Myxococcales_BLAST,0
WP_157068928_Proteobacteria_Deltaproteobacteria_Myxococcales_Sandaracinaceae_Sandaracinus_BLAST,0
RZO64843_Unknown_Unknown_Unknown_Unknown_Sandaracinaceae_BLAST,0
RLB52627_Unknown_Unknown_Unknown_Unknown_Deltaproteobacteria_BLAST,0
WP_146650519_Proteobacteria_Deltaproteobacteria_Myxococcales_Labilitrichaceae_Labilithrix_BLAST,0
RLB48088_Unknown_Unknown_Unknown_Unknown_Deltaproteobacteria_BLAST,0
OQX68726_Unknown_Unknown_Unknown_Unknown_Sorangiineae_BLAST,0
WP_169928234_Proteobacteria_Deltaproteobacteria_Myxococcales_Labilitrichaceae_Labilithrix_BLAST,0
OQB08815_Unknown_Unknown_Unknown_Unknown_Deltaproteobacteria_BLAST,0
WP_170320002_Proteobacteria_Deltaproteobacteria_Myxococcales_Polyangiaceae_Polyangium_BLAST,0
TNE87902_Unknown_Unknown_Unknown_Unknown_Deltaproteobacteria_BLAST,7
WP_136917900_Proteobacteria_Deltaproteobacteria_Myxococcales_Polyangiaceae_Polyangium_BLAST,7
WP_136936194_Proteobacteria_Deltaproteobacteria_Myxococcales_Polyangiaceae_Polyangium_BLAST,7
AUX26347_Proteobacteria_Deltaproteobacteria_Myxococcales_Polyangiaceae_Sorangium_BLAST,7
WP_129357013_Proteobacteria_Deltaproteobacteria_Myxococcales_Polyangiaceae_Sorangium_BLAST,7
WP_146731582_Proteobacteria_Deltaproteobacteria_Myxococcales_No_family_Minicystis_BLAST,7
WP_146729290_Proteobacteria_Deltaproteobacteria_Myxococcales_No_family_Minicystis_BLAST,7
WP_136920852_Proteobacteria_Deltaproteobacteria_Myxococcales_Polyangiaceae_Polyangium_BLAST,7
AGP38067_Proteobacteria_Deltaproteobacteria_Myxococcales_Polyangiaceae_Sorangium_BLAST,7
WP_044988853_Proteobacteria_Deltaproteobacteria_Myxococcales_Polyangiaceae_Sorangium_BLAST,7
KYG01681_Proteobacteria_Deltaproteobacteria_Myxococcales_Polyangiaceae_Sorangium_BLAST,7
KYF94150_Proteobacteria_Deltaproteobacteria_Myxococcales_Polyangiaceae_Sorangium_BLAST,7
KYF75108_Proteobacteria_Deltaproteobacteria_Myxococcales_Polyangiaceae_Sorangium_BLAST,7
WP_061608858_Proteobacteria_Deltaproteobacteria_Myxococcales_Polyangiaceae_Sorangium_BLAST,7
KYF77127_Proteobacteria_Deltaproteobacteria_Myxococcales_Polyangiaceae_Sorangium_BLAST,7
WP_104977792_Proteobacteria_Deltaproteobacteria_Myxococcales_Polyangiaceae_Sorangium_BLAST,7
WP_096330180_Proteobacteria_Deltaproteobacteria_Myxococcales_Nannocystaceae_Nannocystis_BLAST,7
WP_006974888_Proteobacteria_Deltaproteobacteria_Myxococcales_Nannocystaceae_Plesiocystis_BLAST,7
WP_172307584_Unknown_Unknown_Unknown_Unknown_Pseudenhygromyxa_BLAST,7
WP_052546978_Proteobacteria_Deltaproteobacteria_Myxococcales_No_family_Enhygromyxa_BLAST,7
WP_106395355_Proteobacteria_Deltaproteobacteria_Myxococcales_No_family_Enhygromyxa_BLAST,7
TNE83921_Unknown_Unknown_Unknown_Unknown_Deltaproteobacteria_BLAST,7
TPV93588_Unknown_Unknown_Unknown_Unknown_Myxococcales_BLAST,7
WP_108070868_Proteobacteria_Deltaproteobacteria_Myxococcales_Archangiaceae_Vitiosangium_BLAST,7
WP_095989616_Proteobacteria_Deltaproteobacteria_Myxococcales_Archangiaceae_Cystobacter_characterized,7
ATB41995_Proteobacteria_Deltaproteobacteria_Myxococcales_Archangiaceae_Cystobacter_BLAST,7
WP_071897101_Proteobacteria_Deltaproteobacteria_Myxococcales_Archangiaceae_Cystobacter_BLAST,7
AYM53556_Proteobacteria_Deltaproteobacteria_Myxococcales_Archangiaceae_Cystobacter_BLAST,7
EPX59483_Proteobacteria_Deltaproteobacteria_Myxococcales_Archangiaceae_Cystobacter_BLAST,7
WP_155893623_Proteobacteria_Deltaproteobacteria_Myxococcales_Archangiaceae_Cystobacter_BLAST,7
AYM53678_Proteobacteria_Deltaproteobacteria_Myxococcales_Archangiaceae_Cystobacter_BLAST,7
AYM53473_Proteobacteria_Deltaproteobacteria_Myxococcales_Archangiaceae_Cystobacter_BLAST,7
WP_095978338_Proteobacteria_Deltaproteobacteria_Myxococcales_Archangiaceae_Melittangium_BLAST,7
WP_044192718_Proteobacteria_Deltaproteobacteria_Myxococcales_Archangiaceae_Hyalangium_PFAM,7
WP_164000252_Unknown_Unknown_Unknown_Unknown_Pyxidicoccus_BLAST,7
WP_164012883_Unknown_Unknown_Unknown_Unknown_Pyxidicoccus_BLAST,7
WP_120202388_Proteobacteria_Deltaproteobacteria_Myxococcales_Myxococcaceae_Corallococcus_BLAST,7
WP_120536945_Proteobacteria_Deltaproteobacteria_Myxococcales_Myxococcaceae_Corallococcus_BLAST,7
WP_120583460_Proteobacteria_Deltaproteobacteria_Myxococcales_Myxococcaceae_Corallococcus_BLAST,7
WP_120539508_Proteobacteria_Deltaproteobacteria_Myxococcales_Myxococcaceae_Corallococcus_BLAST,7
WP_193350001_Proteobacteria_Deltaproteobacteria_Myxococcales_Myxococcaceae_Corallococcus_BLAST,7
PZR12886_Proteobacteria_Deltaproteobacteria_Myxococcales_Archangiaceae_Archangium_BLAST,7
PKL74872_Unknown_Unknown_Unknown_Unknown_Candidatus_BLAST,7
PIW50096_Unknown_Unknown_Unknown_Unknown_bacterium_BLAST,7
PIQ23271_Unknown_Unknown_Unknown_Unknown_bacterium_BLAST,7
PIW44831_Unknown_Unknown_Unknown_Unknown_bacterium_BLAST,7
TNE48155_Unknown_Unknown_Unknown_Unknown_Deltaproteobacteria_BLAST,7
OJY24825_Unknown_Unknown_Unknown_Unknown_Myxococcales_BLAST,7
WP_129344299_Proteobacteria_Deltaproteobacteria_Myxococcales_Polyangiaceae_Sorangium_BLAST,7
CAN91987_Proteobacteria_Deltaproteobacteria_Myxococcales_Polyangiaceae_Sorangium_BLAST,7
WP_044964423_Proteobacteria_Deltaproteobacteria_Myxococcales_Polyangiaceae_Sorangium_BLAST,7
WP_136928582_Proteobacteria_Deltaproteobacteria_Myxococcales_Polyangiaceae_Polyangium_BLAST,7
WP_153819278_Proteobacteria_Deltaproteobacteria_Myxococcales_Polyangiaceae_Polyangium_BLAST,7
RYE88682_Unknown_Unknown_Unknown_Unknown_Myxococcales_BLAST,7
WP_006974883_Proteobacteria_Deltaproteobacteria_Myxococcales_Nannocystaceae_Plesiocystis_BLAST,7
RLB50709_Unknown_Unknown_Unknown_Unknown_Deltaproteobacteria_BLAST,7
RLB65225_Unknown_Unknown_Unknown_Unknown_Deltaproteobacteria_BLAST,7
WP_053236092_Proteobacteria_Deltaproteobacteria_Myxococcales_Sandaracinaceae_Sandaracinus_BLAST,7
WP_096326376_Proteobacteria_Deltaproteobacteria_Myxococcales_Nannocystaceae_Nannocystis_BLAST,0
WP_096329158_Proteobacteria_Deltaproteobacteria_Myxococcales_Nannocystaceae_Nannocystis_BLAST,0
PCC68318_Proteobacteria_Deltaproteobacteria_Myxococcales_Nannocystaceae_Nannocystis_BLAST,0
WP_096326653_Proteobacteria_Deltaproteobacteria_Myxococcales_Nannocystaceae_Nannocystis_BLAST,0
WP_096325528_Proteobacteria_Deltaproteobacteria_Myxococcales_Nannocystaceae_Nannocystis_BLAST,0
WP_170136515_Proteobacteria_Deltaproteobacteria_Myxococcales_Nannocystaceae_Nannocystis_BLAST,0
WP_106393072_Proteobacteria_Deltaproteobacteria_Myxococcales_No_family_Enhygromyxa_BLAST,0
WP_106394246_Proteobacteria_Deltaproteobacteria_Myxococcales_No_family_Enhygromyxa_BLAST,0
WP_052552440_Proteobacteria_Deltaproteobacteria_Myxococcales_No_family_Enhygromyxa_BLAST,0
WP_106091760_Proteobacteria_Deltaproteobacteria_Myxococcales_No_family_Enhygromyxa_BLAST,0
EDM78156_Proteobacteria_Deltaproteobacteria_Myxococcales_Nannocystaceae_Plesiocystis_BLAST,0
WP_086001456_Proteobacteria_Deltaproteobacteria_Myxococcales_Nannocystaceae_Plesiocystis_BLAST,0
WP_172307716_Unknown_Unknown_Unknown_Unknown_Pseudenhygromyxa_BLAST,0
